Q3SCX0_PARTE_2;[[100.0, 2, '326'], [11.38, 3, '334'], [7.83, 1, '511']];100.0;326
A0A0N1PED7_LEPSE_2;[[10.98, 4, '519'], [8.8, 1, '591'], [100.0, 2, '490'], [15.86, 3, '555']];100.0;490
A0A0G4EJP9_VITBC_6;[[19.01, 1, '505'], [6.19, 7, '452'], [6.42, 12, '452'], [8.72, 8, '470'], [15.82, 11, '493'], [10.5, 4, '876'], [5.77, 5, '485'], [5.53, 3, '452'], [7.93, 9, '517'], [21.24, 6, '452'], [5.63, 2, '462'], [6.05, 10, '463']];21.24;452
A0A0D9RQB1_CHLSB_1;[[13.76, 2, '785'], [49.37, 1, '717']];49.37;717
S9W7J6_9TRYP_1;[[3.55, 4, '564'], [100.0, 1, '529'], [5.36, 2, '541'], [9.94, 3, '644']];100.0;529
L1IPS2_GUITH_2;[[29.51, 2, '566'], [11.03, 1, '281'], [8.71, 3, '459']];29.51;566
F6QE09_CIOIN_3;[[9.13, 1, '230'], [85.33, 3, '184'], [8.0, 2, '550'], [16.53, 4, '248']];85.33;184
Q4E5P7_TRYCC_2;[[100.0, 2, '373'], [8.39, 4, '822'], [8.0, 3, '425'], [13.8, 1, '442']];100.0;373
IFT74_MOUSE_3;[[32.67, 1, '600'], [11.68, 2, '625'], [67.5, 3, '600']];67.5;600
V4AJL1_LOTGI_2;[[6.72, 1, '729'], [84.06, 2, '822']];84.06;822
A0A024TR04_9STRA_3;[[65.36, 3, '687'], [10.22, 2, '636'], [11.02, 1, '699'], [11.5, 4, '635'], [12.99, 5, '708']];65.36;687
Q4E4D8_TRYCC_3;[[14.97, 2, '501'], [10.49, 4, '572'], [12.45, 1, '498'], [9.42, 5, '584'], [100.0, 3, '487']];100.0;487
ARL6_CAEBR_2;[[10.93, 1, '430'], [10.27, 3, '331'], [100.0, 2, '190']];100.0;190
G3N118_BOVIN_1;[[99.46, 1, '186']];99.46;186
W4Z211_STRPU_1;[[33.18, 1, '214'], [9.28, 2, '97']];33.18;214
W2PT12_PHYPN_4;[[8.35, 6, '455'], [8.82, 7, '476'], [5.84, 1, '428'], [15.74, 8, '451'], [9.36, 2, '823'], [9.79, 3, '429'], [6.48, 5, '540'], [93.69, 4, '428']];93.69;428
A2DE41_TRIVA_3;[[7.48, 4, '508'], [100.0, 3, '503'], [6.69, 6, '508'], [10.43, 5, '729'], [14.26, 2, '652'], [14.61, 1, '527']];100.0;503
Q4E2P4_TRYCC_2;[[100.0, 2, '373'], [12.21, 1, '385'], [9.5, 3, '379']];100.0;373
W2Q403_PHYPN_3;[[9.16, 2, '764'], [12.68, 4, '1128'], [100.0, 3, '723'], [15.02, 1, '839']];100.0;723
F7AHJ9_HORSE_2;[[100.0, 2, '593'], [4.69, 1, '597']];100.0;593
A0A067RJQ2_ZOONE_3;[[37.46, 2, '315'], [54.81, 3, '405'], [13.54, 4, '347'], [8.98, 1, '323']];54.81;405
W2YZ86_PHYPR_4;[[95.98, 4, '199'], [16.13, 3, '217'], [9.21, 6, '304'], [15.38, 5, '377'], [13.33, 1, '210'], [13.74, 2, '211']];95.98;199
A0A158NPL4_ATTCE_1;[[100.0, 1, '655'], [14.8, 2, '831']];100.0;655
A0BPN5_PARTE_2;[[49.03, 2, '567'], [13.5, 1, '711']];49.03;567
F6X3T5_HORSE_1;[[17.43, 2, '878'], [41.73, 1, '877']];41.73;877
A8IYF1_CHLRE_2;[[87.22, 2, '407'], [10.84, 1, '830'], [15.79, 3, '494']];87.22;407
W5NLE0_LEPOC_1;[[89.1, 1, '725']];89.1;725
F6WBK6_CIOIN_4;[[13.38, 5, '456'], [82.37, 4, '539'], [14.58, 3, '576'], [10.84, 2, '646'], [13.74, 1, '473']];82.37;539
A0A0L0HHW9_SPIPN_3;[[40.01, 3, '1492'], [13.27, 1, '663'], [5.02, 4, '598'], [5.0, 5, '620'], [14.24, 2, '639']];40.01;1492
L1JV64_GUITH_2;[[7.81, 3, '589'], [61.07, 2, '840'], [14.95, 1, '642']];61.07;840
A0A0M9GAT6_9TRYP_3;[[9.22, 4, '629'], [100.0, 3, '592'], [14.24, 2, '646'], [13.27, 1, '663']];100.0;592
A0A024GPP5_9STRA_5;[[16.67, 5, '204'], [7.83, 6, '434'], [16.67, 2, '198'], [12.86, 3, '210'], [12.23, 1, '188'], [10.71, 7, '308'], [7.39, 4, '663'], [14.66, 8, '232']];16.67;204
I3KSH0_ORENI_1;[[7.54, 2, '597'], [96.14, 1, '596'], [5.03, 3, '596']];96.14;596
A0A096NZB9_PAPAN_1;[[73.61, 1, '341']];73.61;341
BBS1_CAEEL_2;[[9.21, 3, '608'], [2.87, 1, '627'], [100.0, 2, '576']];100.0;576
E3LTH5_CAERE_2;[[10.72, 3, '569'], [14.89, 1, '544'], [100.0, 2, '506'], [11.48, 4, '627']];100.0;506
W4H8Z6_9STRA_4;[[13.3, 5, '391'], [4.19, 7, '430'], [11.67, 1, '360'], [10.7, 8, '402'], [7.63, 9, '354'], [14.96, 2, '381'], [92.84, 4, '349'], [12.93, 3, '410'], [7.44, 10, '403'], [6.47, 6, '371']];92.84;349
W5KEJ5_ASTMX_2;[[91.52, 2, '342'], [12.68, 3, '568'], [11.82, 1, '347']];91.52;342
A0A0G4GWT1_VITBC_9;[[8.57, 1, '595'], [6.06, 4, '528'], [5.49, 6, '528'], [9.98, 8, '561'], [3.78, 10, '529'], [6.88, 5, '538'], [9.13, 11, '526'], [10.4, 14, '529'], [8.7, 7, '552'], [18.4, 9, '636'], [4.4, 3, '546'], [6.42, 13, '530'], [6.34, 12, '552'], [5.12, 15, '527'], [6.32, 2, '538']];18.4;636
G1SEN4_RABIT_1;[[89.37, 1, '207']];89.37;207
A0A024TEN6_9STRA_5;[[7.54, 1, '610'], [5.48, 6, '621'], [6.95, 2, '619'], [6.78, 4, '605'], [22.37, 5, '608'], [12.64, 7, '807'], [12.74, 3, '691'], [7.01, 8, '599']];22.37;608
J9JSR9_ACYPI_2;[[62.32, 2, '637'], [7.42, 1, '431']];62.32;637
M3WEE9_FELCA_1;[[89.25, 1, '186']];89.25;186
B3MEQ1_DROAN_1;[[100.0, 1, '486'], [9.47, 2, '644']];100.0;486
T1IP28_STRMM_2;[[6.17, 3, '632'], [5.01, 1, '918'], [100.0, 2, '189']];100.0;189
D0N5X0_PHYIT_3;[[9.56, 5, '481'], [100.0, 3, '348'], [13.05, 1, '406'], [8.02, 2, '948'], [10.77, 4, '455'], [7.76, 6, '348']];100.0;348
H2SDM2_TAKRU_2;[[4.42, 4, '588'], [12.64, 1, '609'], [6.85, 3, '584'], [98.62, 2, '580']];98.62;580
R1DSD8_EMIHU_3;[[14.18, 1, '543'], [16.46, 4, '577'], [100.0, 3, '515'], [15.9, 2, '547']];100.0;515
A2DWY6_TRIVA_2;[[5.88, 3, '391'], [100.0, 2, '213'], [6.53, 4, '628'], [11.21, 1, '339']];100.0;213
W2Q1R0_PHYPN_4;[[15.38, 5, '377'], [13.33, 2, '210'], [6.1, 1, '590'], [13.74, 3, '211'], [14.54, 6, '227'], [52.96, 4, '372']];52.96;372
F1SGD6_PIG_1;[[73.44, 1, '723']];73.44;723
M3YWA6_MUSPF_1;[[19.11, 2, '743'], [7.39, 3, '717'], [35.56, 1, '734'], [6.87, 4, '728']];35.56;734
V9G0L5_PHYPR_3;[[13.84, 5, '383'], [7.8, 6, '372'], [100.0, 3, '348'], [8.19, 2, '928'], [11.51, 4, '556'], [13.68, 1, '402']];100.0;348
B0WXE2_CULQU_1;[[100.0, 1, '603']];100.0;603
A4HH17_LEIBR_2;[[10.58, 3, '312'], [4.41, 1, '612'], [100.0, 2, '186']];100.0;186
A9V1S9_MONBE_4;[[20.32, 4, '812'], [6.44, 3, '388'], [16.59, 1, '410'], [13.9, 2, '367'], [15.04, 5, '452']];20.32;812
T0RDB9_9STRA_5;[[14.52, 2, '310'], [9.97, 7, '361'], [15.29, 6, '327'], [5.85, 3, '410'], [18.58, 5, '296'], [12.33, 1, '219'], [11.88, 4, '303']];18.58;296
A0A067BYM3_SAPPC_2;[[7.51, 7, '413'], [12.33, 5, '219'], [11.95, 3, '226'], [13.29, 6, '346'], [12.92, 1, '209'], [8.96, 4, '469'], [15.49, 2, '213']];15.49;213
W5QAJ5_SHEEP_1;[[80.72, 1, '721']];80.72;721
A2EQS9_TRIVA_3;[[49.8, 3, '1500'], [14.57, 2, '810'], [13.78, 1, '769']];49.8;1500
A0A067CLP2_SAPPC_5;[[12.99, 2, '354'], [9.72, 6, '360'], [9.89, 3, '354'], [11.85, 1, '363'], [100.0, 5, '349'], [12.81, 8, '562'], [16.05, 7, '405'], [15.58, 4, '475']];100.0;349
A0A0L0C383_LUCCU_1;[[83.52, 1, '983']];83.52;983
M3Z132_MUSPF_1;[[68.23, 1, '724']];68.23;724
A0A0D9RAF2_CHLSB_2;[[73.43, 2, '858'], [4.46, 1, '717']];73.43;858
BBS4_HUMAN_1;[[66.04, 1, '533']];66.04;533
TTC8_CAEEL_2;[[14.21, 1, '577'], [56.91, 2, '810'], [10.58, 3, '539']];56.91;810
G3SQS4_LOXAF_1;[[7.92, 2, '568'], [93.14, 1, '598']];93.14;598
I3KHB5_ORENI_1;[[5.7, 1, '193']];5.7;193
A4IBV8_LEIIN_3;[[10.03, 2, '678'], [100.0, 3, '593'], [7.75, 4, '632'], [12.6, 1, '619']];100.0;593
G3Q0Q9_GASAC_2;[[72.57, 2, '226'], [14.39, 3, '278'], [9.27, 1, '259']];72.57;226
F1Q1T8_CANLF_4;[[59.64, 4, '731'], [5.18, 2, '733'], [6.09, 3, '722'], [4.1, 1, '732']];59.64;731
G3N7I2_GASAC_4;[[45.28, 4, '731'], [6.13, 1, '604'], [11.26, 3, '613'], [33.28, 2, '604']];45.28;731
M3ZLB9_XIPMA_1;[[43.91, 1, '583']];43.91;583
A0A0L0D1H0_THETB_2;[[5.04, 3, '595'], [98.6, 2, '570'], [15.46, 5, '634'], [9.17, 1, '1211'], [16.72, 4, '622']];98.6;570
T1HX26_RHOPR_2;[[7.18, 3, '849'], [98.09, 2, '838'], [7.19, 1, '848']];98.09;838
B3MBX5_DROAN_1;[[6.95, 2, '1050'], [51.61, 1, '1858']];51.61;1858
W4FS53_9STRA_2;[[53.82, 2, '615'], [15.53, 1, '676'], [6.45, 3, '636'], [15.58, 4, '719']];53.82;615
F1S1T9_PIG_1;[[10.33, 2, '784'], [5.73, 3, '715'], [89.23, 1, '715']];89.23;715
A0A096NVI3_PAPAN_1;[[77.54, 1, '570']];77.54;570
U3K919_FICAL_1;[[89.86, 1, '572']];89.86;572
F6Z5Q1_HORSE_1;[[10.65, 2, '789'], [94.83, 1, '715'], [5.03, 3, '715']];94.83;715
V4B2U3_LOTGI_1;[[83.38, 1, '800']];83.38;800
A2F554_TRIVA_4;[[13.03, 3, '376'], [7.27, 6, '385'], [100.0, 4, '188'], [18.27, 2, '208'], [12.54, 5, '319'], [13.67, 1, '256'], [10.33, 7, '213']];100.0;188
B4J7X0_DROGR_1;[[98.99, 1, '495'], [9.55, 2, '649']];98.99;495
H0XKK6_OTOGA_1;[[99.44, 1, '716']];99.44;716
F6U8K2_HORSE_1;[[97.48, 1, '516']];97.48;516
A0A0N0P3E7_LEPSE_3;[[100.0, 3, '596'], [11.98, 2, '601'], [11.54, 4, '650'], [10.46, 1, '679']];100.0;596
A0A024TR25_9STRA_4;[[4.12, 2, '729'], [5.15, 6, '719'], [51.44, 4, '836'], [7.89, 5, '748'], [5.35, 7, '841'], [7.26, 3, '730'], [4.64, 1, '754']];51.44;836
B4QJX6_DROSI_3;[[3.93, 6, '611'], [3.64, 4, '605'], [96.49, 3, '626'], [12.89, 1, '613'], [4.44, 5, '608'], [9.48, 2, '770']];96.49;626
W4FL04_9STRA_2;[[12.85, 3, '249'], [5.72, 1, '682'], [9.25, 4, '465'], [19.58, 2, '715']];19.58;715
K2NW30_TRYCR_3;[[7.32, 5, '765'], [6.43, 2, '809'], [100.0, 3, '760'], [13.26, 4, '777'], [10.14, 1, '789']];100.0;760
S9WLZ2_9TRYP_2;[[94.71, 2, '586'], [3.55, 1, '591']];94.71;586
D2UXT8_NAEGR_1;[[11.39, 2, '474'], [15.83, 4, '499'], [26.46, 1, '1701'], [16.93, 3, '514']];26.46;1701
H0WTY6_OTOGA_1;[[75.72, 1, '626']];75.72;626
T1L460_TETUR_2;[[11.96, 3, '418'], [7.91, 1, '607'], [100.0, 2, '187'], [16.5, 4, '200']];100.0;187
F7D8D3_MONDO_1;[[89.47, 1, '722']];89.47;722
B4JSV3_DROGR_1;[[52.5, 1, '699']];52.5;699
E1BTY2_CHICK_1;[[56.67, 1, '570']];56.67;570
E1BHJ5_BOVIN_1;[[16.8, 2, '887'], [32.64, 1, '910']];32.64;910
A0A0D9QUM7_CHLSB_1;[[4.98, 2, '723'], [46.01, 1, '715']];46.01;715
H3CW16_TETNG_3;[[5.17, 2, '561'], [10.1, 1, '574'], [17.1, 4, '579'], [69.15, 3, '564']];69.15;564
G3T4E0_LOXAF_1;[[37.89, 1, '710']];37.89;710
D0MY10_PHYIT_3;[[12.91, 4, '790'], [11.44, 1, '787'], [13.35, 2, '809'], [13.94, 5, '775'], [100.0, 3, '723']];100.0;723
A0A0G4IMV6_PLABS_3;[[11.7, 2, '436'], [9.17, 1, '578'], [89.6, 3, '481'], [17.3, 4, '497'], [12.68, 5, '686']];89.6;481
I3M6W3_ICTTR_1;[[86.55, 1, '721']];86.55;721
V4BYG1_LOTGI_1;[[61.18, 1, '729']];61.18;729
Q3SCY0_PARTE_1;[[17.0, 2, '353'], [40.27, 1, '740']];40.27;740
F4PDV5_BATDJ_1;[[6.99, 2, '372'], [10.27, 1, '409'], [7.5, 3, '840']];10.27;409
D6WZ82_TRICA_2;[[1.77, 3, '620'], [5.93, 4, '590'], [100.0, 2, '588'], [7.76, 5, '593'], [11.04, 1, '634']];100.0;588
D4A8B1_RAT_2;[[75.2, 2, '617'], [5.57, 1, '521']];75.2;617
A0A158P292_ATTCE_2;[[25.78, 1, '834'], [74.46, 2, '834']];74.46;834
Q4D092_TRYCC_3;[[6.86, 5, '350'], [9.68, 2, '537'], [11.34, 7, '194'], [100.0, 3, '183'], [13.68, 4, '190'], [11.96, 6, '276'], [13.68, 1, '307']];100.0;183
K7J2H3_NASVI_2;[[15.15, 3, '825'], [93.36, 2, '723'], [14.5, 1, '745']];93.36;723
G1T913_RABIT_1;[[80.23, 1, '708']];80.23;708
V5BJR9_TRYCR_3;[[100.0, 3, '373'], [8.2, 4, '378'], [11.26, 2, '382'], [14.85, 1, '404'], [7.62, 5, '827']];100.0;373
F1SMI2_PIG_1;[[100.0, 1, '652']];100.0;652
FRITZ_HUMAN_3;[[79.47, 3, '755'], [6.68, 1, '748'], [9.48, 2, '781']];79.47;755
W2R9D6_PHYPN_3;[[10.34, 2, '561'], [14.29, 1, '210'], [15.65, 4, '230'], [100.0, 3, '188'], [10.13, 5, '454'], [12.55, 6, '239']];100.0;188
B5DUR3_DROPS_1;[[36.22, 1, '555'], [7.2, 3, '361'], [11.11, 2, '216']];36.22;555
M3WUV2_FELCA_1;[[8.69, 2, '679'], [100.0, 1, '654']];100.0;654
G3QWF1_GORGO_1;[[3.15, 2, '603'], [100.0, 1, '600']];100.0;600
A8WJB5_CAEBR_2;[[11.29, 3, '381'], [100.0, 2, '364'], [13.14, 1, '799']];100.0;364
A0A0N0P3G2_LEPSE_3;[[18.91, 1, '238'], [11.49, 4, '296'], [6.63, 2, '573'], [100.0, 3, '184']];100.0;184
A0A096NII1_PAPAN_1;[[83.36, 1, '721']];83.36;721
K7FH00_PELSI_1;[[83.52, 1, '716']];83.52;716
A0A0G4EFJ8_VITBC_7;[[13.33, 6, '195'], [9.14, 13, '197'], [14.29, 5, '189'], [13.79, 8, '261'], [17.92, 4, '240'], [12.62, 12, '214'], [11.47, 1, '375'], [13.62, 11, '213'], [6.81, 9, '455'], [36.6, 7, '265'], [16.23, 2, '191'], [10.16, 10, '187'], [8.68, 3, '219']];36.6;265
H2QDI7_PANTR_1;[[72.46, 1, '570']];72.46;570
G1PE46_MYOLU_1;[[93.43, 1, '715']];93.43;715
A0A0W8CGX9_PHYNI_4;[[6.27, 1, '590'], [16.5, 2, '200'], [15.91, 3, '220'], [96.98, 4, '199'], [14.56, 5, '364'], [13.97, 6, '229']];96.98;199
V9ETD6_PHYPR_4;[[6.12, 1, '588'], [14.69, 3, '211'], [52.96, 4, '372'], [15.38, 5, '377'], [13.33, 2, '210']];52.96;372
I3MEE1_ICTTR_1;[[37.02, 1, '886'], [7.87, 2, '889']];37.02;886
A0A0W8CFM7_PHYNI_1;[[11.67, 2, '557'], [22.1, 1, '1575'], [13.84, 3, '383']];22.1;1575
K3WPT3_PYTUL_3;[[88.83, 3, '725'], [7.45, 2, '738'], [11.58, 1, '1079'], [13.99, 5, '779'], [14.16, 4, '777']];88.83;725
A0A0W8C8Z9_PHYNI_3;[[12.97, 6, '239'], [10.27, 2, '584'], [17.47, 1, '269'], [15.65, 4, '230'], [100.0, 3, '188'], [10.13, 5, '454']];100.0;188
W5LYF8_LEPOC_1;[[13.9, 2, '590'], [70.09, 1, '759'], [8.22, 3, '596']];70.09;759
I3NHG2_ICTTR_2;[[97.16, 2, '598'], [5.53, 1, '597']];97.16;598
Q7QJD7_ANOGA_2;[[4.11, 3, '609'], [100.0, 2, '604'], [7.84, 1, '612']];100.0;604
F6SCB7_MACMU_1;[[53.3, 1, '576']];53.3;576
V5DUI8_TRYCR_4;[[7.91, 3, '594'], [6.73, 5, '609'], [100.0, 4, '586'], [14.39, 2, '681'], [2.96, 1, '609']];100.0;586
D2CG54_TRICA_2;[[35.34, 2, '846'], [3.68, 1, '897']];35.34;846
W5N3D2_LEPOC_1;[[97.3, 1, '74']];97.3;74
V9EKV4_PHYPR_4;[[15.74, 8, '451'], [9.79, 3, '429'], [9.61, 2, '822'], [6.48, 5, '540'], [93.69, 4, '428'], [8.82, 7, '476'], [5.84, 1, '428'], [10.44, 6, '431']];93.69;428
T0QGA8_9STRA_2;[[6.0, 3, '767'], [14.07, 1, '199'], [10.15, 5, '197'], [15.08, 2, '1041'], [12.5, 4, '224']];15.08;1041
W5K4L0_ASTMX_1;[[99.66, 1, '298']];99.66;298
K2MSG2_TRYCR_3;[[3.91, 4, '486'], [100.0, 3, '479'], [15.12, 2, '496'], [14.88, 1, '484']];100.0;479
E0VEH7_PEDHC_2;[[89.54, 2, '306'], [11.85, 1, '498']];89.54;306
A0A0K0JLB3_BRUMA_2;[[7.53, 1, '518'], [100.0, 2, '500']];100.0;500
F6V3X0_CALJA_1;[[71.28, 1, '94']];71.28;94
A0A078AXX6_STYLE_1;[[13.93, 2, '359'], [68.93, 1, '280']];68.93;280
T0Q4Q9_9STRA_4;[[57.84, 4, '453'], [14.88, 6, '504'], [13.92, 1, '431'], [16.26, 3, '455'], [15.14, 5, '634'], [9.49, 2, '432']];57.84;453
A0A0W8CBQ8_PHYNI_2;[[96.04, 2, '530'], [10.08, 3, '625'], [10.57, 1, '1022'], [7.06, 4, '524']];96.04;530
W4GJ33_9STRA_3;[[8.43, 2, '747'], [5.75, 5, '730'], [8.68, 6, '795'], [5.31, 4, '753'], [7.92, 1, '783'], [89.92, 3, '714']];89.92;714
A0A0G4IPH3_PLABS_4;[[10.96, 1, '438'], [76.35, 4, '389'], [13.1, 3, '420'], [14.29, 5, '497'], [12.9, 6, '434'], [6.67, 2, '345'], [14.75, 7, '366']];76.35;389
A0A0S4JE34_BODSA_4;[[8.97, 6, '702'], [9.14, 5, '350'], [14.8, 3, '446'], [16.8, 2, '387'], [15.15, 7, '363'], [16.34, 1, '410'], [100.0, 4, '344']];100.0;344
W6KIA6_9TRYP_3;[[13.04, 1, '621'], [9.48, 2, '601'], [100.0, 3, '582'], [11.27, 4, '639']];100.0;582
F6Y677_CIOIN_2;[[5.23, 3, '593'], [12.39, 1, '549'], [99.2, 2, '502']];99.2;502
F6VNP5_XENTR_1;[[73.48, 1, '739']];73.48;739
B3S5T1_TRIAD_1;[[79.81, 1, '733'], [3.06, 2, '719']];79.81;733
W2Q7F5_PHYPN_2;[[96.04, 2, '530'], [10.65, 1, '1014'], [7.05, 4, '511'], [10.08, 3, '625']];96.04;530
B4LHK4_DROVI_2;[[94.72, 2, '606'], [4.28, 3, '608'], [15.99, 1, '738']];94.72;606
E2RG29_CANLF_1;[[2.5, 2, '600'], [86.67, 1, '600']];86.67;600
L1JP33_GUITH_1;[[4.68, 1, '1560']];4.68;1560
E3MCR4_CAERE_2;[[100.0, 2, '190'], [10.87, 1, '414'], [9.41, 3, '393']];100.0;190
A0A067RIH6_ZOONE_1;[[42.25, 1, '445'], [12.61, 2, '230']];42.25;445
E3LSA6_CAERE_4;[[13.15, 3, '517'], [7.45, 2, '470'], [8.3, 5, '1024'], [100.0, 4, '462'], [12.25, 1, '506']];100.0;462
M3ZIL2_XIPMA_1;[[3.51, 1, '713']];3.51;713
T0RT93_9STRA_3;[[5.97, 2, '586'], [11.65, 6, '601'], [10.1, 4, '703'], [22.06, 3, '1274'], [4.68, 5, '598'], [6.76, 1, '725']];22.06;1274
J9K409_ACYPI_2;[[12.13, 1, '577'], [97.04, 2, '439']];97.04;439
H3DGV8_TETNG_1;[[10.72, 2, '625'], [82.78, 1, '569']];82.78;569
Q0VCP5_BOVIN_1;[[100.0, 1, '653']];100.0;653
V9F0Z3_PHYPR_3;[[13.39, 6, '239'], [15.65, 4, '230'], [10.99, 1, '191'], [100.0, 3, '188'], [9.69, 2, '454'], [9.47, 5, '454']];100.0;188
M3ZSV8_XIPMA_1;[[10.81, 1, '749']];10.81;749
G3T822_LOXAF_1;[[74.41, 1, '211']];74.41;211
J9K271_ACYPI_2;[[100.0, 2, '722'], [4.03, 3, '745'], [7.37, 1, '773']];100.0;722
A0A024U1E5_9STRA_4;[[69.46, 4, '478'], [7.13, 1, '435'], [8.95, 2, '637'], [13.56, 5, '671'], [12.97, 3, '424'], [14.44, 6, '457']];69.46;478
M3ZTR9_XIPMA_1;[[9.34, 1, '717']];9.34;717
U6G3P0_9EIME_1;[[11.28, 1, '470']];11.28;470
B4MMM3_DROWI_2;[[100.0, 2, '605'], [3.8, 3, '605'], [9.29, 1, '743'], [3.12, 4, '609']];100.0;605
B4IZI2_DROGR_2;[[2.97, 3, '606'], [8.74, 1, '824'], [2.64, 4, '606'], [95.38, 2, '606'], [3.78, 5, '608']];95.38;606
PTHB1_MOUSE_2;[[4.62, 4, '888'], [31.82, 2, '971'], [4.04, 1, '891'], [16.13, 5, '936'], [28.62, 3, '891']];31.82;971
A0A158NUR8_ATTCE_3;[[5.53, 2, '488'], [17.02, 4, '517'], [74.28, 3, '451'], [9.78, 1, '460']];74.28;451
A0A0G4IR91_PLABS_3;[[42.32, 3, '534'], [9.07, 4, '1014'], [14.37, 2, '898'], [15.05, 1, '558']];42.32;534
D2VQK4_NAEGR_4;[[11.58, 3, '751'], [10.34, 2, '716'], [88.42, 4, '691'], [10.7, 5, '1234'], [5.9, 1, '695']];88.42;691
I3JZ61_ORENI_3;[[7.31, 2, '643'], [31.26, 1, '643'], [63.68, 3, '636']];63.68;636
K3WFZ0_PYTUL_4;[[100.0, 4, '626'], [5.2, 1, '635'], [15.89, 5, '661'], [13.36, 6, '726'], [15.47, 2, '724'], [11.35, 3, '652']];100.0;626
D0N9B8_PHYIT_3;[[8.45, 2, '580'], [12.82, 1, '234'], [11.19, 5, '277'], [29.2, 3, '524'], [6.71, 4, '805']];29.2;524
F6WZU0_MACMU_1;[[46.01, 1, '715'], [4.98, 2, '723']];46.01;715
F7DYZ0_HORSE_1;[[58.6, 1, '570']];58.6;570
BBS5_MOUSE_1;[[100.0, 1, '341'], [16.91, 2, '408']];100.0;341
I3MME5_ICTTR_1;[[93.51, 1, '570']];93.51;570
Q7PUL7_ANOGA_1;[[15.9, 3, '415'], [35.87, 1, '959'], [9.19, 2, '359']];35.87;959
A0A0R4IUZ0_DANRE_1;[[59.06, 1, '298'], [27.52, 2, '298']];59.06;298
F7F169_ORNAN_1;[[88.61, 1, '79']];88.61;79
W6KXN0_9TRYP_2;[[10.83, 3, '637'], [14.16, 1, '586'], [97.76, 2, '580']];97.76;580
A6QNT9_BOVIN_1;[[85.03, 1, '708']];85.03;708
E9ADL1_LEIMA_2;[[10.76, 4, '316'], [7.86, 1, '560'], [12.5, 3, '192'], [100.0, 2, '186']];100.0;186
T0QML0_9STRA_4;[[33.31, 4, '1201'], [5.5, 5, '745'], [5.92, 2, '777'], [4.16, 6, '745'], [11.44, 3, '734'], [10.23, 1, '772']];33.31;1201
A0A0D9QVJ6_CHLSB_1;[[52.78, 1, '720']];52.78;720
K3WTZ6_PYTUL_4;[[9.36, 1, '470'], [53.05, 4, '786'], [7.36, 2, '435'], [10.73, 3, '438'], [11.49, 5, '679']];53.05;786
J9K6V4_ACYPI_1;[[9.04, 2, '376'], [90.26, 1, '349']];90.26;349
V5BKF4_TRYCR_3;[[9.95, 2, '774'], [100.0, 3, '759'], [7.59, 5, '764'], [13.64, 4, '777'], [11.99, 1, '784']];100.0;759
W4FD87_9STRA_2;[[7.33, 1, '1242'], [11.17, 4, '573'], [8.05, 3, '646'], [73.96, 2, '576']];73.96;576
W6L264_9TRYP_3;[[9.45, 2, '561'], [7.73, 1, '453'], [10.88, 5, '377'], [12.07, 4, '323'], [79.78, 3, '183']];79.78;183
G4ZW31_PHYSP_2;[[27.38, 2, '1271'], [5.73, 4, '349'], [7.24, 1, '359'], [11.07, 3, '578']];27.38;1271
T0QVK2_9STRA_2;[[13.05, 5, '835'], [6.99, 4, '644'], [5.63, 3, '622'], [34.86, 2, '700'], [12.05, 1, '880']];34.86;700
W4XN65_STRPU_2;[[12.7, 1, '315'], [63.16, 2, '475']];63.16;475
H3DMY8_TETNG_2;[[13.2, 4, '803'], [64.49, 2, '766'], [5.79, 3, '725'], [10.37, 1, '1186']];64.49;766
W2ZMB5_PHYPR_2;[[63.92, 2, '1128'], [12.15, 1, '823'], [12.65, 3, '893']];63.92;1128
A0A0G4GYZ9_VITBC_4;[[5.87, 3, '392'], [10.93, 8, '622'], [12.36, 1, '526'], [7.99, 9, '388'], [19.59, 4, '393'], [5.23, 10, '344'], [10.04, 2, '478'], [16.67, 5, '402'], [14.0, 7, '350'], [8.99, 6, '345']];19.59;393
I3KLC5_ORENI_2;[[5.03, 1, '596'], [95.26, 2, '591']];95.26;591
H0W8L4_CAVPO_1;[[64.16, 1, '706']];64.16;706
V3Z105_LOTGI_2;[[87.23, 2, '188'], [11.76, 1, '340'], [6.36, 3, '582']];87.23;188
G5A9W7_PHYSP_2;[[8.13, 1, '726'], [6.85, 3, '803'], [11.49, 4, '261'], [37.4, 2, '524']];37.4;524
G1P887_MYOLU_1;[[86.63, 1, '344']];86.63;344
A0A139WED1_TRICA_2;[[42.18, 2, '403'], [8.6, 1, '442']];42.18;403
H2MRS1_ORYLA_1;[[14.2, 2, '528'], [64.81, 1, '449']];64.81;449
E2RER8_CANLF_1;[[15.54, 2, '592'], [87.48, 1, '631']];87.48;631
A8JF99_CHLRE_2;[[91.84, 2, '196'], [7.57, 1, '647'], [11.11, 3, '333']];91.84;196
B7P1L1_IXOSC_1;[[100.0, 1, '189']];100.0;189
Q23PP7_TETTS_2;[[66.25, 2, '1049'], [5.21, 1, '729']];66.25;1049
A0A024TXS0_9STRA_3;[[39.41, 3, '203'], [6.37, 6, '267'], [15.21, 5, '263'], [9.21, 7, '369'], [14.73, 4, '258'], [13.07, 1, '352'], [9.62, 8, '208'], [12.68, 2, '347']];39.41;203
D0MZ16_PHYIT_2;[[12.34, 1, '786'], [28.13, 2, '1994']];28.13;1994
H3CI58_TETNG_1;[[14.25, 3, '905'], [2.71, 2, '849'], [61.26, 1, '1030']];61.26;1030
A7S5W5_NEMVE_2;[[12.44, 1, '595'], [94.01, 2, '584'], [11.24, 3, '623']];94.01;584
F4PDD1_BATDJ_2;[[14.16, 3, '233'], [60.0, 2, '205'], [4.22, 1, '1018']];60.0;205
A0A0G4ITJ7_PLABS_2;[[12.66, 5, '229'], [37.79, 2, '307'], [5.08, 1, '866'], [7.33, 4, '409'], [6.68, 3, '539']];37.79;307
T1JYJ2_TETUR_3;[[99.03, 3, '621'], [5.14, 5, '622'], [5.18, 1, '637'], [9.64, 4, '778'], [7.49, 2, '654']];99.03;621
A0A0M9G1C6_9TRYP_2;[[100.0, 2, '505'], [11.44, 1, '542']];100.0;505
W4G1M5_9STRA_4;[[11.15, 5, '323'], [17.77, 2, '242'], [10.78, 3, '232'], [22.46, 4, '806'], [12.68, 6, '205'], [11.33, 1, '203']];22.46;806
W5JIE3_ANODA_1;[[7.33, 2, '491'], [97.23, 1, '505']];97.23;505
H3G905_PHYRM_2;[[11.88, 1, '1027'], [13.51, 3, '555'], [81.26, 2, '587'], [16.4, 4, '561']];81.26;587
BBS7_HUMAN_1;[[7.91, 2, '721'], [45.34, 1, '730']];45.34;730
F6ZUB8_MACMU_1;[[100.0, 1, '653']];100.0;653
G1RZS0_NOMLE_2;[[56.47, 2, '958'], [4.62, 1, '909']];56.47;958
BBS4_CAEEL_4;[[12.53, 1, '479'], [100.0, 4, '462'], [13.77, 3, '523'], [10.56, 5, '748'], [6.68, 2, '539']];100.0;462
D0MT71_PHYIT_2;[[9.92, 3, '625'], [10.82, 4, '536'], [100.0, 2, '509'], [8.85, 1, '1209']];100.0;509
BBS5_CAEEL_2;[[4.6, 3, '478'], [13.35, 4, '412'], [11.4, 1, '614'], [100.0, 2, '361']];100.0;361
A0A0G4ILU8_PLABS_4;[[10.05, 3, '647'], [57.66, 4, '933'], [3.81, 1, '604'], [6.51, 2, '707'], [9.52, 6, '683'], [4.61, 7, '694'], [3.47, 5, '606']];57.66;933
A0A0G4EPB7_VITBC_4;[[6.13, 3, '718'], [12.17, 1, '189'], [15.58, 4, '276'], [9.84, 5, '193'], [9.06, 2, '276']];15.58;276
J9JNX2_ACYPI_2;[[3.24, 1, '803'], [97.8, 2, '820']];97.8;820
A4HH78_LEIBR_2;[[14.86, 3, '902'], [100.0, 2, '858'], [7.26, 1, '882']];100.0;858
A0A158NSS3_ATTCE_5;[[6.53, 3, '337'], [5.64, 6, '337'], [8.19, 1, '525'], [21.89, 5, '434'], [14.08, 4, '348'], [7.67, 2, '339']];21.89;434
A0A0K0JVX7_BRUMA_1;[[90.51, 1, '590']];90.51;590
Q295Y8_DROPS_2;[[8.86, 1, '395'], [11.54, 3, '572'], [50.55, 2, '722']];50.55;722
G3T996_LOXAF_1;[[69.46, 1, '632']];69.46;632
ARL6_CAEEL_3;[[17.52, 2, '274'], [100.0, 3, '190'], [10.27, 4, '331'], [13.56, 1, '295']];100.0;190
T0R6X7_9STRA_3;[[11.67, 4, '360'], [10.6, 2, '830'], [7.26, 1, '372'], [100.0, 3, '349'], [10.03, 5, '369'], [15.2, 6, '408']];100.0;349
W2Z6I3_PHYPR_3;[[10.45, 2, '584'], [10.18, 1, '334'], [15.65, 4, '230'], [13.39, 6, '239'], [9.91, 5, '454'], [100.0, 3, '188']];100.0;188
I3JGE5_ORENI_1;[[96.36, 1, '302']];96.36;302
G1TL09_RABIT_1;[[99.85, 1, '654']];99.85;654
G7PRK5_MACFA_1;[[100.0, 1, '653']];100.0;653
G1QUW7_NOMLE_1;[[73.04, 1, '831']];73.04;831
H0XEP4_OTOGA_1;[[69.37, 1, '715'], [4.97, 2, '724']];69.37;715
W2QE22_PHYPN_2;[[63.92, 2, '1128'], [12.6, 3, '897'], [10.92, 1, '943']];63.92;1128
A0A0D9RRT6_CHLSB_1;[[44.68, 1, '602']];44.68;602
E1BNU6_BOVIN_1;[[93.88, 1, '572']];93.88;572
F7HEV6_CALJA_1;[[93.33, 1, '570']];93.33;570
W2RGR2_PHYPN_1;[[6.95, 3, '374'], [22.0, 1, '1582'], [13.84, 4, '383'], [7.8, 5, '372'], [10.72, 2, '485']];22.0;1582
Q5XIR2_RAT_3;[[10.89, 2, '652'], [67.67, 3, '600'], [32.67, 1, '600']];67.67;600
G0MEG7_CAEBE_2;[[13.25, 1, '415'], [11.45, 3, '297'], [100.0, 2, '190']];100.0;190
S9UYL4_9TRYP_1;[[100.0, 1, '578']];100.0;578
G3P7I9_GASAC_2;[[12.54, 1, '638'], [5.45, 3, '587'], [95.25, 2, '610']];95.25;610
F7I023_CALJA_1;[[73.91, 1, '207']];73.91;207
A0A0H5S6V4_BRUMA_2;[[9.61, 3, '510'], [13.04, 1, '506'], [100.0, 2, '476']];100.0;476
M3WGL7_FELCA_1;[[84.59, 1, '584']];84.59;584
H2PS04_PONAB_1;[[1.83, 2, '600'], [94.17, 1, '600']];94.17;600
H2V5Z2_TAKRU_3;[[8.79, 2, '614'], [59.66, 3, '704'], [10.73, 4, '634'], [26.02, 1, '638']];59.66;704
W2Z9A3_PHYPR_2;[[96.04, 2, '530'], [10.08, 3, '625'], [7.63, 4, '511'], [10.6, 1, '1019'], [11.86, 5, '531']];96.04;530
F2UQ70_SALR5_2;[[5.64, 1, '816'], [8.2, 3, '549'], [10.81, 4, '296'], [37.18, 2, '277']];37.18;277
B4ME19_DROVI_1;[[97.35, 1, '491'], [8.81, 2, '613']];97.35;491
A0A0D9QYK6_CHLSB_1;[[83.36, 1, '721']];83.36;721
Q5XI30_RAT_1;[[59.65, 1, '570']];59.65;570
B4KQ20_DROMO_1;[[88.64, 1, '484'], [14.53, 2, '537']];88.64;484
A0A067C4C7_SAPPC_4;[[14.79, 2, '649'], [12.82, 5, '702'], [7.0, 3, '600'], [53.83, 4, '665'], [13.76, 6, '647'], [8.86, 1, '598']];53.83;665
A7SH53_NEMVE_2;[[15.67, 2, '217'], [12.86, 1, '241']];15.67;217
A0A0S4KLB5_BODSA_3;[[100.0, 3, '183'], [17.82, 1, '202'], [6.8, 2, '588'], [10.67, 4, '403']];100.0;183
K2MWH7_TRYCR_3;[[12.52, 4, '631'], [100.0, 3, '596'], [10.95, 1, '612'], [10.32, 2, '601']];100.0;596
G1PDK6_MYOLU_1;[[100.0, 1, '570']];100.0;570
W5MZI7_LEPOC_1;[[4.93, 2, '203'], [88.15, 1, '211']];88.15;211
LZTL1_HUMAN_2;[[99.67, 2, '300'], [13.9, 1, '410']];99.67;300
G3NKQ2_GASAC_1;[[88.56, 1, '568']];88.56;568
A0A0D9RMF9_CHLSB_1;[[84.04, 1, '570']];84.04;570
A0A067CA50_SAPPC_1;[[10.68, 2, '1301'], [14.84, 1, '741'], [8.6, 3, '1756']];14.84;741
G1P0F6_MYOLU_1;[[43.49, 1, '453']];43.49;453
T1J8I6_STRMM_3;[[7.04, 4, '597'], [4.71, 5, '594'], [13.04, 2, '606'], [6.97, 1, '674'], [100.0, 3, '594'], [7.14, 6, '602']];100.0;594
H9GCQ3_ANOCA_1;[[4.8, 2, '729'], [93.91, 1, '722']];93.91;722
IFT27_BOVIN_1;[[83.87, 1, '186']];83.87;186
F7DYZ6_XENTR_1;[[98.13, 1, '588'], [5.13, 2, '585']];98.13;588
F6QP01_XENTR_2;[[6.34, 2, '726'], [5.75, 1, '713']];6.34;726
H3GA39_PHYRM_4;[[8.11, 2, '912'], [12.04, 1, '382'], [10.14, 5, '355'], [45.78, 4, '367'], [9.35, 3, '834']];45.78;367
W5J3R5_ANODA_3;[[5.47, 2, '384'], [15.52, 5, '406'], [9.33, 4, '386'], [38.7, 3, '894'], [8.05, 1, '348'], [12.47, 6, '481']];38.7;894
H2MHH5_ORYLA_2;[[83.78, 2, '592'], [14.72, 1, '591']];83.78;592
B3RWQ3_TRIAD_2;[[86.89, 2, '206'], [9.72, 3, '360'], [11.4, 1, '342']];86.89;206
G3QI68_GORGO_3;[[99.67, 3, '300'], [14.95, 1, '408'], [7.67, 2, '313']];99.67;300
D2VIC7_NAEGR_2;[[30.56, 2, '1008'], [15.29, 1, '399'], [13.12, 3, '526'], [14.92, 4, '429'], [10.1, 5, '386']];30.56;1008
G1PTC0_MYOLU_1;[[81.91, 1, '188']];81.91;188
H2P491_PONAB_1;[[83.6, 1, '189']];83.6;189
S9VIN4_9TRYP_1;[[100.0, 1, '358']];100.0;358
B3RXC9_TRIAD_1;[[87.45, 1, '717'], [8.16, 2, '907']];87.45;717
B3M138_DROAN_1;[[50.62, 1, '723'], [15.23, 2, '545']];50.62;723
W5KI70_ASTMX_3;[[60.77, 3, '599'], [32.28, 1, '601'], [8.85, 2, '633']];60.77;599
G0MCB1_CAEBE_2;[[3.25, 3, '738'], [91.96, 2, '784'], [9.2, 1, '739']];91.96;784
W5P8L3_SHEEP_2;[[36.31, 2, '738'], [6.81, 3, '734'], [31.56, 1, '716']];36.31;738
W5MN19_LEPOC_1;[[16.44, 2, '505'], [78.07, 1, '342']];78.07;342
I3KYV4_ORENI_1;[[91.15, 1, '746']];91.15;746
G3RQW7_GORGO_1;[[99.85, 1, '654']];99.85;654
W4GJ56_9STRA_1;[[66.22, 1, '897'], [9.16, 2, '633'], [12.25, 3, '710']];66.22;897
A0A067R1E4_ZOONE_2;[[73.04, 2, '894'], [6.55, 3, '733'], [8.87, 1, '744']];73.04;894
H0WRS7_OTOGA_1;[[95.48, 1, '598']];95.48;598
G4ZI86_PHYSP_3;[[14.15, 2, '982'], [6.03, 1, '647'], [12.29, 4, '911'], [10.33, 5, '668'], [100.0, 3, '642']];100.0;642
BBS7_MOUSE_1;[[7.09, 2, '719'], [88.81, 1, '715']];88.81;715
A0A078A2X5_STYLE_1;[[100.0, 1, '184'], [11.41, 2, '184'], [6.92, 3, '535']];100.0;184
G1RWH4_NOMLE_1;[[93.51, 1, '570']];93.51;570
G3QKV3_GORGO_1;[[5.9, 2, '559'], [72.46, 1, '570']];72.46;570
H2Y3Y0_CIOSA_2;[[11.52, 1, '191'], [12.81, 3, '203'], [70.39, 2, '206'], [12.31, 4, '195']];70.39;206
G1LJ46_AILME_2;[[15.9, 3, '887'], [39.98, 2, '888'], [17.14, 1, '887']];39.98;888
K3X2Y2_PYTUL_2;[[4.91, 3, '855'], [31.97, 2, '416'], [6.61, 1, '257']];31.97;416
F6W3B7_ORNAN_1;[[89.25, 1, '186']];89.25;186
F7IFY6_CALJA_1;[[10.83, 3, '748'], [75.8, 1, '781'], [10.04, 5, '737'], [7.12, 2, '857'], [11.45, 4, '725']];75.8;781
E3LQY5_CAERE_2;[[11.6, 1, '1164'], [100.0, 2, '628'], [8.47, 3, '826']];100.0;628
A0A0N1IJK5_LEPSE_3;[[6.97, 4, '660'], [8.98, 1, '668'], [11.86, 2, '666'], [100.0, 3, '592']];100.0;592
G1TLB3_RABIT_1;[[82.47, 1, '194']];82.47;194
V9F6J5_PHYPR_2;[[10.08, 3, '625'], [10.53, 1, '1026'], [96.04, 2, '530'], [12.84, 5, '514'], [7.63, 4, '511']];96.04;530
W5M5Q7_LEPOC_1;[[90.08, 1, '605']];90.08;605
M3XVF5_MUSPF_1;[[81.41, 1, '608'], [3.36, 2, '596']];81.41;608
F1NGP3_CHICK_1;[[73.99, 1, '596']];73.99;596
A0A0M9GA52_9TRYP_3;[[9.25, 1, '724'], [9.45, 4, '656'], [11.22, 2, '615'], [100.0, 3, '596']];100.0;596
B3RJT2_TRIAD_3;[[63.78, 3, '646'], [7.11, 1, '506'], [8.96, 2, '625']];63.78;646
B4J6Z6_DROGR_1;[[58.08, 1, '1572'], [6.89, 2, '973']];58.08;1572
W5L586_ASTMX_2;[[99.61, 2, '507'], [8.14, 1, '528'], [7.14, 3, '518']];99.61;507
A0A096MTK8_PAPAN_1;[[45.64, 1, '298']];45.64;298
BBS7_CAEEL_2;[[99.03, 2, '721'], [8.46, 1, '745']];99.03;721
F2USB8_SALR5_1;[[4.31, 2, '1437'], [10.49, 1, '829']];10.49;829
Q5PR92_DANRE_1;[[11.68, 1, '368']];11.68;368
IFT27_MOUSE_1;[[68.82, 1, '186']];68.82;186
H0UV24_CAVPO_2;[[4.67, 4, '878'], [46.97, 2, '890'], [18.05, 1, '870'], [15.52, 3, '941']];46.97;890
G4ZE33_PHYSP_2;[[10.64, 1, '1043'], [80.57, 2, '592'], [6.88, 5, '509'], [10.08, 3, '625'], [10.59, 4, '538']];80.57;592
G3NM06_GASAC_1;[[99.66, 1, '298']];99.66;298
BBS2_HUMAN_1;[[83.36, 1, '721'], [7.91, 2, '834']];83.36;721
W4FRY5_9STRA_4;[[12.24, 2, '245'], [9.62, 1, '426'], [80.32, 4, '188'], [6.78, 3, '295'], [4.79, 5, '1022']];80.32;188
LZTL1_RAT_1;[[97.39, 1, '306']];97.39;306
E9AFP5_LEIMA_3;[[100.0, 3, '592'], [9.82, 4, '611'], [10.98, 2, '656'], [15.33, 1, '613']];100.0;592
L1IIB1_GUITH_1;[[16.78, 1, '1895']];16.78;1895
G0NR21_CAEBE_2;[[9.31, 3, '720'], [12.05, 1, '1129'], [95.0, 2, '640']];95.0;640
F7B395_MACMU_1;[[48.15, 1, '918']];48.15;918
ARL6_BOVIN_1;[[6.2, 1, '258']];6.2;258
A0A0D9RQV3_CHLSB_1;[[69.03, 1, '930']];69.03;930
H3CVL6_TETNG_2;[[30.18, 2, '507'], [10.53, 1, '209']];30.18;507
E0VP97_PEDHC_1;[[12.02, 1, '1597']];12.02;1597
D0NEL4_PHYIT_2;[[4.98, 3, '964'], [10.99, 1, '273'], [100.0, 2, '188']];100.0;188
S9W6M0_9TRYP_1;[[100.0, 1, '358']];100.0;358
H2ZI39_CIOSA_1;[[98.3, 1, '294'], [12.83, 2, '343']];98.3;294
A2D7W2_TRIVA_3;[[17.73, 2, '547'], [8.21, 1, '414'], [15.26, 4, '485'], [4.87, 5, '411'], [100.0, 3, '410']];100.0;410
F7C4T0_CALJA_1;[[62.88, 1, '1048']];62.88;1048
M3ZW06_XIPMA_1;[[52.48, 1, '564']];52.48;564
Q4DFM2_TRYCC_3;[[100.0, 3, '595'], [10.89, 2, '597'], [11.13, 1, '611']];100.0;595
A0A087YPY0_POEFO_1;[[96.61, 1, '679']];96.61;679
G1KRM1_ANOCA_1;[[92.54, 1, '67']];92.54;67
A4I446_LEIIN_2;[[4.42, 1, '611'], [100.0, 2, '186'], [13.02, 3, '192'], [12.29, 4, '301']];100.0;186
M3ZUB6_XIPMA_1;[[94.85, 1, '680']];94.85;680
G3NNG6_GASAC_1;[[8.36, 2, '694'], [44.44, 1, '675']];44.44;675
D4A4U2_RAT_1;[[72.36, 1, '796']];72.36;796
A0A0M9G178_9TRYP_3;[[8.59, 2, '547'], [11.96, 5, '276'], [11.71, 4, '205'], [100.0, 3, '184'], [16.52, 1, '230']];100.0;184
T1ELR8_HELRO_2;[[9.35, 3, '567'], [54.82, 2, '498'], [8.99, 1, '990']];54.82;498
B4HPG5_DROSE_2;[[9.91, 3, '545'], [51.02, 2, '392'], [9.05, 1, '486']];51.02;392
F2TWK2_SALR5_3;[[5.67, 4, '547'], [5.41, 2, '592'], [14.27, 5, '715'], [2.59, 6, '502'], [22.02, 3, '504'], [7.32, 1, '519']];22.02;504
A0A067CAA2_SAPPC_1;[[6.92, 1, '419'], [5.74, 2, '1883']];6.92;419
A4HP97_LEIBR_2;[[3.7, 4, '513'], [100.0, 2, '492'], [17.76, 3, '580'], [9.02, 1, '721']];100.0;492
Q22BU8_TETTS_1;[[16.45, 1, '760']];16.45;760
D2A192_TRICA_2;[[100.0, 2, '721'], [14.76, 1, '969'], [6.71, 3, '1192']];100.0;721
A2E557_TRIVA_3;[[8.22, 2, '645'], [100.0, 3, '503'], [13.7, 4, '606'], [11.73, 1, '648']];100.0;503
A0A0K0JGJ2_BRUMA_1;[[10.53, 1, '133'], [10.33, 3, '213'], [8.57, 2, '175']];10.53;133
G7PUF5_MACFA_1;[[7.87, 2, '559'], [72.46, 1, '570']];72.46;570
A4I4C4_LEIIN_2;[[17.22, 3, '906'], [100.0, 2, '855'], [7.89, 1, '874']];100.0;855
G3NXV8_GASAC_1;[[4.15, 2, '506'], [91.09, 1, '505']];91.09;505
W5JPA7_ANODA_3;[[6.4, 2, '703'], [88.32, 3, '762'], [3.81, 4, '708'], [6.55, 1, '702']];88.32;762
G1R9L0_NOMLE_1;[[86.21, 1, '573']];86.21;573
F7HDG7_MACMU_1;[[65.84, 1, '925']];65.84;925
F6QFV2_MONDO_1;[[56.17, 1, '705']];56.17;705
F7GJV3_MONDO_1;[[95.81, 1, '716'], [3.68, 2, '787']];95.81;716
W3A5U6_PHYPR_1;[[22.0, 1, '1582'], [13.84, 3, '383'], [12.48, 2, '561']];22.0;1582
G1QXS8_NOMLE_1;[[80.66, 1, '724']];80.66;724
H2MKZ4_ORYLA_2;[[3.27, 1, '855'], [88.46, 2, '962']];88.46;962
M3YV44_MUSPF_1;[[80.97, 1, '310']];80.97;310
SDCG8_MOUSE_1;[[17.4, 2, '747'], [64.99, 1, '717']];64.99;717
A4IDK2_LEIIN_2;[[17.3, 1, '555'], [100.0, 2, '495']];100.0;495
V3ZX09_LOTGI_1;[[6.97, 2, '244'], [100.0, 1, '189'], [7.58, 3, '198']];100.0;189
A0A0L0S8P6_ALLMA_4;[[15.73, 3, '286'], [11.09, 2, '442'], [38.04, 4, '276'], [5.06, 5, '928'], [17.96, 1, '323']];38.04;276
A0A024TA76_9STRA_2;[[55.7, 2, '535'], [11.66, 3, '772'], [11.11, 1, '594'], [6.41, 4, '515']];55.7;535
LZTL1_MOUSE_1;[[90.97, 1, '299']];90.97;299
Q5RA46_PONAB_1;[[72.48, 1, '505']];72.48;505
I3LB57_PIG_2;[[59.8, 2, '714'], [6.32, 1, '728']];59.8;714
H2QWG3_PANTR_1;[[73.91, 1, '207']];73.91;207
F7HY94_CALJA_1;[[5.65, 2, '744'], [49.93, 1, '715']];49.93;715
I7LWB4_TETTS_2;[[4.48, 1, '581'], [100.0, 2, '570']];100.0;570
MKKS_MOUSE_1;[[59.65, 1, '570']];59.65;570
W5NG86_LEPOC_1;[[78.68, 1, '577']];78.68;577
TRI32_MOUSE_1;[[100.0, 1, '655']];100.0;655
F6XCD9_CANLF_2;[[15.9, 3, '887'], [3.25, 1, '891'], [40.89, 2, '900']];40.89;900
D0NIV2_PHYIT_2;[[96.35, 2, '658'], [13.57, 3, '877'], [8.5, 4, '659'], [5.59, 1, '680']];96.35;658
B4MRQ8_DROWI_1;[[87.44, 1, '199']];87.44;199
K2MXI1_TRYCR_2;[[100.0, 2, '373'], [15.77, 1, '444']];100.0;373
G1SIY1_RABIT_1;[[5.31, 2, '735'], [86.89, 1, '717']];86.89;717
W4FD55_9STRA_3;[[83.08, 3, '461'], [13.77, 5, '530'], [10.02, 2, '429'], [7.94, 1, '428'], [7.93, 4, '782']];83.08;461
G3W4X1_SARHA_2;[[81.45, 2, '593'], [6.37, 1, '597'], [7.09, 3, '621']];81.45;593
M3YWX4_MUSPF_1;[[3.65, 2, '602'], [91.93, 1, '607']];91.93;607
E1BKZ3_BOVIN_2;[[33.16, 2, '787'], [24.73, 1, '728'], [8.04, 3, '734']];33.16;787
H2QMZ4_PANTR_1;[[53.97, 1, '189']];53.97;189
H0V4D2_CAVPO_1;[[37.41, 1, '703']];37.41;703
F6UN54_ORNAN_1;[[76.31, 1, '743']];76.31;743
G1M0S6_AILME_1;[[99.67, 1, '299']];99.67;299
E1BN34_BOVIN_2;[[45.19, 2, '593'], [27.1, 1, '631']];45.19;593
ARL6_DANRE_1;[[88.15, 1, '211']];88.15;211
G1SII1_RABIT_1;[[88.06, 1, '603']];88.06;603
G1MMT5_AILME_1;[[100.0, 1, '655']];100.0;655
T0RY96_9STRA_2;[[56.85, 2, '869'], [12.71, 3, '944'], [14.13, 1, '1161']];56.85;869
G3WC39_SARHA_1;[[100.0, 1, '695']];100.0;695
K1P4M1_CRAGI_1;[[92.52, 1, '508']];92.52;508
B4GR41_DROPE_2;[[4.11, 4, '608'], [9.72, 1, '607'], [100.0, 2, '605'], [3.14, 3, '605']];100.0;605
H0UU32_CAVPO_1;[[77.68, 1, '569'], [10.86, 2, '571']];77.68;569
H2T229_TAKRU_2;[[52.99, 2, '904'], [8.47, 1, '744']];52.99;904
A4HN90_LEIBR_3;[[11.82, 1, '719'], [5.85, 4, '650'], [10.99, 2, '664'], [100.0, 3, '596']];100.0;596
B3S9A2_TRIAD_1;[[12.81, 2, '281'], [82.7, 1, '185']];82.7;185
T0PXD2_9STRA_3;[[14.31, 5, '524'], [42.88, 3, '688'], [7.62, 4, '525'], [9.28, 1, '614'], [16.02, 2, '543']];42.88;688
W2YQ45_PHYPR_4;[[10.23, 6, '440'], [8.82, 7, '476'], [93.69, 4, '428'], [5.84, 1, '428'], [15.74, 8, '451'], [11.06, 2, '832'], [6.48, 5, '540'], [9.35, 3, '428']];93.69;428
B3RRG2_TRIAD_1;[[65.11, 1, '1175'], [4.6, 2, '870']];65.11;1175
A0A067QKD4_ZOONE_2;[[5.93, 3, '776'], [10.78, 1, '807'], [88.48, 2, '851']];88.48;851
A8HWI3_CHLRE_2;[[100.0, 2, '352'], [15.3, 3, '353'], [15.79, 1, '494']];100.0;352
BBS4_MOUSE_1;[[100.0, 1, '520']];100.0;520
A0A096NEP7_PAPAN_1;[[50.72, 1, '207']];50.72;207
W5P7J1_SHEEP_1;[[2.36, 2, '593'], [87.04, 1, '594']];87.04;594
A0A067C533_SAPPC_3;[[37.16, 3, '514'], [9.17, 2, '469'], [11.29, 1, '611'], [12.69, 5, '449'], [10.6, 4, '783']];37.16;514
G1QNZ0_NOMLE_1;[[83.36, 1, '721']];83.36;721
V9EXZ9_PHYPR_3;[[10.19, 2, '756'], [14.72, 1, '917'], [13.01, 4, '1130'], [100.0, 3, '723']];100.0;723
A0A024UWM1_9STRA_3;[[92.84, 3, '349'], [6.12, 1, '392'], [14.77, 7, '386'], [10.34, 6, '377'], [9.48, 2, '802'], [9.92, 5, '393'], [16.67, 4, '378']];92.84;349
B4I3T5_DROSE_1;[[49.35, 1, '772'], [13.07, 2, '505']];49.35;772
G1T9Q2_RABIT_1;[[82.72, 1, '515']];82.72;515
K1RU52_CRAGI_2;[[91.69, 2, '626'], [8.53, 1, '680']];91.69;626
G5C795_HETGA_1;[[91.38, 1, '708']];91.38;708
D2I2K1_AILME_1;[[6.82, 2, '572'], [94.54, 1, '568']];94.54;568
H0UVR3_CAVPO_1;[[4.88, 2, '758'], [70.77, 1, '715']];70.77;715
A0A087XRS7_POEFO_1;[[7.58, 1, '198']];7.58;198
A0A0N1I7W9_LEPSE_3;[[7.55, 1, '861'], [14.13, 4, '1019'], [100.0, 3, '844'], [8.38, 2, '859']];100.0;844
A6QLF9_BOVIN_1;[[38.1, 1, '693']];38.1;693
A0A077ZNG4_STYLE_2;[[6.21, 1, '692'], [93.36, 2, '512']];93.36;512
B4HV21_DROSE_3;[[4.44, 5, '608'], [10.78, 1, '612'], [3.93, 6, '611'], [9.48, 2, '770'], [3.64, 4, '605'], [100.0, 3, '605']];100.0;605
G3QXK4_GORGO_1;[[77.32, 1, '820']];77.32;820
A2FQ75_TRIVA_3;[[11.69, 4, '573'], [100.0, 3, '565'], [13.31, 1, '586'], [14.13, 2, '637']];100.0;565
H0V1I4_CAVPO_1;[[88.77, 1, '721']];88.77;721
F7CJR6_HORSE_1;[[40.49, 1, '741']];40.49;741
A0A096P4T0_PAPAN_1;[[84.39, 1, '570'], [7.51, 2, '559']];84.39;570
A0A0L0CIR6_LUCCU_1;[[100.0, 1, '369']];100.0;369
G1P9Y3_MYOLU_1;[[87.52, 1, '601']];87.52;601
E2R962_CANLF_1;[[93.51, 1, '570']];93.51;570
M3XU97_MUSPF_1;[[47.56, 1, '246']];47.56;246
G3RIZ2_GORGO_1;[[83.36, 1, '721']];83.36;721
M3YBL1_MUSPF_1;[[40.1, 1, '207']];40.1;207
Q66H90_RAT_1;[[96.5, 1, '715'], [5.08, 2, '728']];96.5;715
H2P7R4_PONAB_1;[[23.64, 1, '736']];23.64;736
G4YN09_PHYSP_4;[[5.0, 1, '440'], [27.98, 4, '1433'], [6.47, 3, '479'], [7.83, 2, '434']];27.98;1433
B7YZM8_DROME_1;[[4.0, 3, '974'], [49.63, 1, '1898'], [4.55, 2, '1078']];49.63;1898
H3D688_TETNG_1;[[56.41, 1, '1154']];56.41;1154
A0A044R639_ONCVO_1;[[56.91, 1, '977']];56.91;977
V5B464_TRYCR_3;[[12.38, 4, '622'], [100.0, 3, '595'], [11.39, 2, '597'], [10.29, 5, '661'], [11.29, 1, '611']];100.0;595
K3X3B3_PYTUL_4;[[16.16, 2, '396'], [98.84, 4, '346'], [12.43, 7, '362'], [16.82, 3, '422'], [11.86, 6, '506'], [12.05, 5, '390'], [10.79, 1, '343']];98.84;346
A0A061IYK7_TRYRA_1;[[100.0, 1, '376']];100.0;376
Q4DW95_TRYCC_3;[[100.0, 3, '772'], [14.64, 4, '799'], [12.77, 1, '783'], [7.08, 5, '777'], [9.25, 2, '789']];100.0;772
Q4CTS4_TRYCC_1;[[12.5, 4, '400'], [100.0, 1, '183'], [7.89, 3, '342'], [13.57, 2, '199']];100.0;183
G1K9Z0_ANOCA_1;[[59.47, 1, '570']];59.47;570
H2PE85_PONAB_1;[[48.11, 1, '715'], [6.39, 2, '735']];48.11;715
F6RFR4_HORSE_1;[[8.9, 2, '562'], [78.11, 1, '603']];78.11;603
G3T3M9_LOXAF_1;[[73.5, 1, '717']];73.5;717
G3TIP0_LOXAF_1;[[89.46, 1, '721']];89.46;721
M3ZCM3_NOMLE_1;[[4.06, 2, '394'], [71.88, 1, '544']];71.88;544
A0A0G2JUD0_RAT_1;[[3.53, 2, '764'], [82.26, 1, '795']];82.26;795
MKS1_MOUSE_1;[[89.3, 1, '561'], [8.12, 2, '579']];89.3;561
G1RDU8_NOMLE_1;[[60.14, 1, '715'], [7.77, 2, '721']];60.14;715
Q17LJ5_AEDAE_2;[[9.7, 1, '474'], [100.0, 2, '347']];100.0;347
A4IIF7_XENTR_1;[[87.47, 1, '742']];87.47;742
F6QF28_MONDO_1;[[87.1, 1, '186']];87.1;186
F1MU26_BOVIN_1;[[83.36, 1, '721']];83.36;721
CH037_RAT_1;[[89.52, 1, '210']];89.52;210
K1PS22_CRAGI_2;[[100.0, 2, '75'], [6.28, 1, '223']];100.0;75
G3PRP6_GASAC_1;[[40.05, 1, '442']];40.05;442
K7FIS9_PELSI_1;[[36.36, 1, '572']];36.36;572
A0A078B9U9_STYLE_1;[[100.0, 1, '583']];100.0;583
F6TP16_MONDO_1;[[56.84, 1, '570']];56.84;570
BBS2_DANRE_1;[[6.88, 2, '741'], [100.0, 1, '715']];100.0;715
I3MMH3_ICTTR_1;[[66.87, 1, '652']];66.87;652
F1RRP3_PIG_1;[[7.34, 2, '572'], [91.41, 1, '559']];91.41;559
F7C228_XENTR_1;[[12.65, 1, '767']];12.65;767
W2ZBK5_PHYPR_2;[[41.7, 2, '1525'], [13.09, 3, '764'], [3.77, 5, '637'], [6.11, 1, '638'], [7.97, 4, '640']];41.7;1525
B3MGG0_DROAN_2;[[72.64, 2, '201'], [10.36, 3, '222'], [12.59, 4, '437'], [5.85, 1, '820']];72.64;201
F6XU90_ORNAN_1;[[78.4, 1, '787']];78.4;787
G5E7D8_LOXAF_1;[[80.61, 1, '593']];80.61;593
B4J623_DROGR_1;[[13.28, 2, '241'], [70.3, 1, '202']];70.3;202
G5AEZ3_PHYSP_2;[[9.34, 4, '653'], [10.4, 3, '606'], [14.68, 1, '688'], [63.2, 2, '905']];63.2;905
B4GIM8_DROPE_2;[[7.24, 4, '359'], [11.57, 3, '216'], [10.5, 1, '400'], [91.54, 2, '201']];91.54;201
A0A061J9B9_TRYRA_1;[[98.46, 1, '586']];98.46;586
H2PQU8_PONAB_1;[[86.73, 1, '211']];86.73;211
H2YLQ2_CIOSA_1;[[14.09, 2, '298'], [11.17, 3, '197'], [100.0, 1, '188']];100.0;188
G1NSC2_MYOLU_1;[[83.76, 1, '708']];83.76;708
G1TZP3_RABIT_2;[[7.99, 3, '889'], [4.02, 4, '895'], [38.02, 2, '889'], [16.87, 1, '889']];38.02;889
Q4E4V4_TRYCC_3;[[5.91, 4, '592'], [100.0, 3, '586'], [14.44, 1, '665'], [8.25, 2, '594']];100.0;586
H2T0R0_TAKRU_1;[[54.44, 1, '1161']];54.44;1161
H3ACN3_LATCH_1;[[100.0, 1, '186'], [5.0, 2, '200']];100.0;186
H9GC07_ANOCA_1;[[88.95, 1, '525']];88.95;525
H3DN21_TETNG_1;[[99.26, 1, '675'], [4.28, 2, '678']];99.26;675
F1N626_BOVIN_1;[[51.67, 1, '600']];51.67;600
E2RQA6_CANLF_1;[[68.51, 1, '724']];68.51;724
B3S0W6_TRIAD_1;[[7.6, 2, '592'], [57.96, 1, '766']];57.96;766
Q4D247_TRYCC_3;[[14.34, 4, '788'], [7.14, 2, '812'], [93.95, 3, '760'], [5.24, 1, '954']];93.95;760
A0A044U854_ONCVO_2;[[91.91, 2, '507'], [12.89, 1, '512']];91.91;507
A0A0S4JJZ6_BODSA_3;[[7.85, 1, '994'], [7.67, 4, '769'], [100.0, 3, '718'], [8.52, 2, '775']];100.0;718
MKS1_HUMAN_1;[[72.46, 1, '570']];72.46;570
D6WSV9_TRICA_2;[[13.32, 1, '781'], [98.6, 2, '716'], [13.57, 3, '818']];98.6;716
H2N0J6_ORYLA_2;[[10.6, 3, '755'], [4.73, 1, '719'], [92.32, 2, '716']];92.32;716
Q2M0T4_DROPS_2;[[3.14, 3, '605'], [4.11, 4, '608'], [100.0, 2, '605'], [9.49, 1, '738']];100.0;605
H0V587_CAVPO_1;[[81.54, 1, '195']];81.54;195
F7EGS4_MACMU_1;[[48.4, 1, '188'], [1.79, 2, '2961']];48.4;188
BBIP1_NEMVE_2;[[9.74, 1, '195'], [100.0, 2, '71']];100.0;71
G3QXT9_GORGO_1;[[73.91, 1, '207']];73.91;207
B3RPI2_TRIAD_1;[[13.2, 2, '485'], [63.47, 1, '438']];63.47;438
H3B555_LATCH_1;[[89.23, 1, '724']];89.23;724
S9VEE0_9TRYP_1;[[79.56, 1, '181']];79.56;181
G1SF71_RABIT_1;[[89.32, 1, '618']];89.32;618
B4H6Z9_DROPE_2;[[7.52, 1, '984'], [7.31, 3, '1013'], [100.0, 2, '969']];100.0;969
IFT27_CHLRE_2;[[100.0, 2, '204'], [5.88, 1, '374'], [9.1, 3, '747']];100.0;204
Q3V3N7_MOUSE_2;[[79.45, 2, '730'], [5.54, 1, '596']];79.45;730
D0MXK6_PHYIT_3;[[8.27, 4, '544'], [8.9, 6, '438'], [67.03, 3, '637'], [10.74, 1, '475'], [5.76, 2, '434'], [12.05, 5, '581']];67.03;637
H0XPD1_OTOGA_1;[[100.0, 1, '593']];100.0;593
G4YHC7_PHYSP_4;[[5.27, 2, '740'], [100.0, 4, '726'], [12.43, 5, '1134'], [7.15, 3, '727'], [16.32, 1, '815']];100.0;726
B3DFT2_DANRE_1;[[3.21, 2, '591'], [3.23, 3, '588'], [95.69, 1, '603']];95.69;603
U3JXB3_FICAL_1;[[75.38, 1, '593']];75.38;593
G3WV05_SARHA_1;[[85.29, 1, '544']];85.29;544
A1ZBK9_DROME_2;[[9.81, 1, '530'], [11.31, 4, '451'], [12.44, 3, '209'], [54.3, 2, '372']];54.3;372
BBS1_HUMAN_1;[[99.33, 1, '597'], [2.85, 2, '596']];99.33;597
MKKS_HUMAN_1;[[75.95, 1, '603']];75.95;603
H2QB48_PANTR_1;[[83.36, 1, '721']];83.36;721
H2ZZ55_LATCH_1;[[95.94, 1, '715']];95.94;715
F6UB70_HORSE_1;[[42.11, 1, '209']];42.11;209
A0A0D9R7I6_CHLSB_1;[[2.85, 2, '596'], [91.57, 1, '617']];91.57;617
G1KMJ2_ANOCA_1;[[90.78, 1, '716']];90.78;716
A3QK09_DANRE_2;[[93.74, 2, '559'], [7.49, 1, '561']];93.74;559
I3JUU0_ORENI_1;[[8.47, 2, '567'], [87.73, 1, '587']];87.73;587
Q66H79_RAT_1;[[100.0, 1, '655']];100.0;655
F7IDY9_CALJA_1;[[86.87, 1, '632']];86.87;632
F7FNJ0_MACMU_1;[[70.47, 1, '816']];70.47;816
J9JV08_ACYPI_2;[[68.25, 2, '1052'], [7.72, 1, '764']];68.25;1052
T1JMT6_STRMM_3;[[6.12, 1, '605'], [100.0, 3, '588'], [8.28, 5, '592'], [14.66, 2, '723'], [15.02, 4, '639']];100.0;588
W6KEL0_9TRYP_3;[[9.76, 4, '410'], [9.44, 1, '445'], [8.86, 2, '542'], [15.0, 3, '260']];15.0;260
G3QMT8_GORGO_1;[[66.47, 1, '519']];66.47;519
A0A024G196_9STRA_3;[[14.88, 2, '504'], [12.93, 4, '549'], [59.07, 3, '689'], [12.45, 1, '739']];59.07;689
B4MJU3_DROWI_1;[[60.8, 1, '1584'], [11.53, 2, '989']];60.8;1584
G3SHD1_GORGO_1;[[32.28, 1, '570']];32.28;570
W5PYR9_SHEEP_1;[[86.78, 1, '643'], [2.0, 2, '600']];86.78;643
PTHB1_HUMAN_1;[[69.08, 1, '954']];69.08;954
H3GVL7_PHYRM_3;[[100.0, 3, '725'], [8.95, 2, '782'], [11.34, 4, '1252'], [15.78, 1, '862']];100.0;725
H2QQ46_PANTR_1;[[55.77, 1, '710']];55.77;710
Q4Q1J3_LEIMA_2;[[15.83, 1, '575'], [100.0, 2, '495']];100.0;495
V9FJ70_PHYPR_2;[[63.92, 2, '1128'], [12.0, 1, '842'], [11.38, 3, '1028']];63.92;1128
W6KG70_9TRYP_3;[[11.26, 1, '524'], [100.0, 3, '509'], [8.56, 2, '701'], [8.37, 4, '609']];100.0;509
G4ZRE7_PHYSP_4;[[14.5, 2, '200'], [7.28, 3, '577'], [6.44, 1, '326'], [21.23, 4, '881'], [12.87, 5, '334']];21.23;881
BBS5_HUMAN_1;[[43.6, 1, '617']];43.6;617
F2TWH2_SALR5_1;[[5.53, 3, '633'], [9.18, 2, '643'], [11.83, 1, '1175'], [5.42, 4, '794']];11.83;1175
F6VW47_MACMU_1;[[30.87, 1, '622'], [4.84, 2, '372']];30.87;622
F6Q1R3_CALJA_3;[[11.23, 2, '543'], [47.46, 3, '531'], [23.92, 1, '531']];47.46;531
M3XWM7_MUSPF_1;[[100.0, 1, '721']];100.0;721
F1Q6W8_DANRE_1;[[73.79, 1, '912']];73.79;912
G3TCL0_LOXAF_1;[[99.85, 1, '654']];99.85;654
G5C8Q6_HETGA_1;[[30.94, 1, '682']];30.94;682
G7NZ67_MACFA_1;[[45.37, 1, '216']];45.37;216
H9JGR5_BOMMO_1;[[47.69, 1, '346'], [11.54, 2, '364']];47.69;346
F7I0U0_CALJA_1;[[86.19, 1, '782']];86.19;782
E1BXI4_CHICK_1;[[74.74, 1, '673'], [6.3, 3, '603'], [8.43, 2, '617']];74.74;673
F6VTH6_ORNAN_1;[[100.0, 1, '341'], [12.85, 2, '467']];100.0;341
BBS4_DROME_1;[[12.64, 2, '522'], [100.0, 1, '486']];100.0;486
A0A0J9Y8J7_BRUMA_2;[[15.19, 1, '237'], [100.0, 2, '190']];100.0;190
B4GFI4_DROPE_3;[[12.8, 2, '500'], [11.54, 4, '572'], [100.0, 3, '382'], [10.15, 1, '394']];100.0;382
Q22CC3_TETTS_1;[[13.37, 1, '621']];13.37;621
V9F4S6_PHYPR_2;[[4.46, 5, '650'], [7.97, 4, '640'], [15.41, 3, '714'], [6.11, 1, '638'], [41.7, 2, '1525']];41.7;1525
L1JA00_GUITH_2;[[6.29, 3, '811'], [9.35, 2, '321'], [9.2, 1, '489']];9.35;321
G1KMV6_ANOCA_1;[[100.0, 1, '505']];100.0;505
G4YJY9_PHYSP_2;[[15.5, 1, '787'], [38.54, 2, '1928']];38.54;1928
U3JY08_FICAL_3;[[60.1, 3, '594'], [29.29, 1, '618'], [9.89, 2, '647']];60.1;594
F6RWY1_CIOIN_2;[[8.11, 3, '456'], [100.0, 2, '294'], [8.95, 1, '313']];100.0;294
BBIP1_HUMAN_1;[[100.0, 1, '92']];100.0;92
G1LHM7_AILME_1;[[60.16, 1, '748']];60.16;748
F6VLT6_CALJA_1;[[50.25, 1, '203']];50.25;203
V3ZY76_LOTGI_2;[[87.13, 2, '575'], [8.22, 1, '608']];87.13;575
W5MMG5_LEPOC_1;[[7.82, 2, '767'], [85.15, 1, '842']];85.15;842
H3CFW0_TETNG_3;[[9.47, 2, '644'], [19.47, 1, '606'], [63.15, 3, '597'], [13.36, 4, '711']];63.15;597
M3Z5I9_MUSPF_1;[[94.25, 1, '713']];94.25;713
A0A087YN04_POEFO_1;[[21.48, 1, '298']];21.48;298
H2N1F5_ORYLA_2;[[99.49, 2, '583'], [8.73, 1, '584']];99.49;583
W5Q7L6_SHEEP_1;[[60.71, 1, '196']];60.71;196
K7G526_PELSI_1;[[4.56, 2, '746'], [58.57, 1, '753']];58.57;753
U3K4J7_FICAL_1;[[94.98, 1, '538']];94.98;538
G3STK5_LOXAF_1;[[68.72, 1, '569']];68.72;569
E2RTL3_CANLF_1;[[100.0, 1, '299']];100.0;299
Q28WS1_DROPS_1;[[100.0, 1, '483'], [13.08, 2, '543']];100.0;483
H3DHP5_TETNG_1;[[41.54, 1, '739'], [10.89, 2, '652']];41.54;739
E0V980_PEDHC_2;[[4.56, 1, '723'], [5.0, 3, '720'], [100.0, 2, '717']];100.0;717
W5N2B1_LEPOC_1;[[8.42, 2, '392'], [100.0, 1, '299']];100.0;299
B4LNW6_DROVI_1;[[74.36, 1, '273'], [13.64, 2, '242']];74.36;273
G3WMP3_SARHA_1;[[99.8, 1, '506']];99.8;506
A7RIW9_NEMVE_1;[[6.1, 1, '508']];6.1;508
M3WSX8_FELCA_1;[[3.02, 2, '596'], [84.32, 1, '593']];84.32;593
I3MFB6_ICTTR_1;[[39.44, 1, '710']];39.44;710
B0X8D9_CULQU_1;[[100.0, 1, '356']];100.0;356
E9HBN7_DAPPU_2;[[89.25, 2, '335'], [9.09, 3, '484'], [16.06, 4, '442'], [16.51, 1, '418']];89.25;335
H0WVV6_OTOGA_1;[[60.66, 1, '305']];60.66;305
M3X7G4_FELCA_1;[[10.37, 2, '723'], [70.21, 1, '715']];70.21;715
A0A024G9H8_9STRA_2;[[13.61, 3, '529'], [76.78, 2, '603'], [15.14, 1, '687'], [9.93, 4, '584']];76.78;603
B4KRF7_DROMO_1;[[8.92, 2, '964'], [60.23, 1, '1594']];60.23;1594
B4KCS8_DROMO_2;[[13.83, 3, '499'], [12.05, 1, '531'], [100.0, 2, '380']];100.0;380
F6ZUJ5_CALJA_1;[[59.0, 1, '600']];59.0;600
E2RIJ8_CANLF_1;[[2.53, 2, '593'], [91.2, 1, '625']];91.2;625
A0A067R100_ZOONE_1;[[33.82, 1, '476'], [15.42, 2, '227']];33.82;476
D2HVB4_AILME_1;[[89.37, 1, '207']];89.37;207
H2V9K1_TAKRU_1;[[8.96, 2, '703'], [37.06, 1, '742']];37.06;742
W5PIK1_SHEEP_1;[[87.91, 1, '339']];87.91;339
M3WA02_FELCA_1;[[89.44, 1, '720']];89.44;720
I3JVB4_ORENI_2;[[5.03, 3, '716'], [5.56, 1, '719'], [94.97, 2, '716']];94.97;716
B3RIN7_TRIAD_1;[[8.48, 1, '460']];8.48;460
BBS4_BOVIN_1;[[77.44, 1, '532']];77.44;532
J9K5Q8_ACYPI_1;[[99.66, 1, '291'], [10.3, 2, '301']];99.66;291
IFT74_HUMAN_1;[[78.12, 1, '608']];78.12;608
A0A0L0S0V9_ALLMA_2;[[17.1, 2, '842'], [6.12, 6, '196'], [12.68, 3, '205'], [13.71, 5, '299'], [10.37, 1, '405'], [4.45, 4, '809']];17.1;842
F6QX88_CIOIN_1;[[11.36, 2, '616'], [99.15, 1, '588']];99.15;588
G1TGM5_RABIT_1;[[70.1, 1, '194']];70.1;194
U3JJ17_FICAL_1;[[86.54, 1, '312']];86.54;312
F6YBY1_CALJA_1;[[56.98, 1, '723']];56.98;723
A0A044VD16_ONCVO_1;[[100.0, 1, '192'], [6.25, 2, '192']];100.0;192
B3M8B7_DROAN_2;[[100.0, 2, '603'], [9.24, 1, '844'], [3.77, 4, '610'], [4.48, 3, '603']];100.0;603
A0A0D9RBM3_CHLSB_1;[[55.81, 1, '774']];55.81;774
IFT27_HUMAN_1;[[77.21, 1, '215']];77.21;215
H0WUW2_OTOGA_2;[[89.27, 2, '559'], [3.83, 3, '575'], [3.8, 1, '579']];89.27;559
H2NCR2_PONAB_1;[[2.85, 2, '596'], [99.33, 1, '597']];99.33;597
A0A067CXS2_SAPPC_1;[[12.65, 2, '759'], [18.9, 1, '2190']];18.9;2190
G3T581_LOXAF_1;[[73.62, 1, '307']];73.62;307
I3MEL8_ICTTR_1;[[88.42, 1, '570'], [13.64, 2, '601']];88.42;570
E7EXH4_DANRE_1;[[100.0, 1, '528']];100.0;528
F6TJD2_ORNAN_1;[[79.2, 1, '226']];79.2;226
H2MJA1_ORYLA_1;[[3.16, 2, '728'], [96.94, 1, '718']];96.94;718
D0MSD3_PHYIT_2;[[66.0, 2, '1094'], [9.9, 4, '788'], [4.64, 3, '776'], [10.68, 1, '936']];66.0;1094
H2QMG1_PANTR_2;[[99.67, 2, '300'], [13.9, 1, '410']];99.67;300
H0X8S4_OTOGA_1;[[72.33, 1, '506']];72.33;506
G4VC35_SCHMA_1;[[62.9, 1, '186']];62.9;186
W2Z3I6_PHYPR_3;[[13.01, 4, '1130'], [9.16, 2, '764'], [14.54, 1, '908'], [100.0, 3, '723']];100.0;723
M3W6J9_FELCA_1;[[100.0, 1, '298']];100.0;298
A0A061J2T5_TRYRA_1;[[100.0, 1, '751']];100.0;751
K7J1K7_NASVI_2;[[12.13, 3, '676'], [71.13, 2, '336'], [6.39, 1, '1017']];71.13;336
G3W852_SARHA_1;[[83.13, 1, '723']];83.13;723
BBS2_RAT_1;[[62.69, 1, '721']];62.69;721
BBS12_HUMAN_1;[[60.28, 1, '710']];60.28;710
E2R1C7_CANLF_1;[[100.0, 1, '713']];100.0;713
CH037_MOUSE_1;[[89.47, 1, '209']];89.47;209
I3NAS8_ICTTR_1;[[67.07, 1, '246']];67.07;246
E2RRS0_CANLF_1;[[82.05, 1, '195']];82.05;195
I3NC55_ICTTR_1;[[72.58, 1, '186']];72.58;186
G5BWY4_HETGA_2;[[5.37, 1, '596'], [96.67, 2, '600']];96.67;600
B4M537_DROVI_1;[[50.47, 1, '749'], [12.4, 2, '387']];50.47;749
G1S2T2_NOMLE_1;[[94.31, 1, '598']];94.31;598
T1JH94_STRMM_2;[[55.68, 2, '634'], [11.69, 3, '838'], [9.25, 1, '530']];55.68;634
B0W2W7_CULQU_2;[[12.52, 1, '775'], [89.76, 2, '742']];89.76;742
A0A067RE41_ZOONE_2;[[5.59, 3, '483'], [5.92, 1, '473'], [58.03, 2, '741']];58.03;741
A0A0R4IL45_DANRE_1;[[100.0, 1, '663']];100.0;663
F1SP83_PIG_1;[[83.91, 1, '603']];83.91;603
G3PWM5_GASAC_1;[[75.89, 1, '925'], [11.72, 2, '751']];75.89;925
ARL6_HUMAN_1;[[52.23, 1, '247']];52.23;247
I3K8F9_ORENI_1;[[98.94, 1, '188'], [5.91, 2, '186']];98.94;188
J3QMK2_MOUSE_1;[[100.0, 1, '67']];100.0;67
H0VBK0_CAVPO_1;[[79.33, 1, '300']];79.33;300
B1WC73_RAT_1;[[83.42, 1, '187']];83.42;187
T1HSF8_RHOPR_2;[[13.54, 1, '347'], [12.46, 3, '337'], [73.6, 2, '303']];73.6;303
I3IZ50_ORENI_1;[[77.88, 1, '217']];77.88;217
G7PDY7_MACFA_1;[[43.8, 1, '137']];43.8;137
H2QX35_PANTR_2;[[93.67, 2, '600'], [4.15, 1, '602']];93.67;600
G1TDC1_RABIT_1;[[83.08, 1, '721']];83.08;721
F1SDY6_PIG_1;[[80.43, 1, '506']];80.43;506
G3WML8_SARHA_1;[[99.54, 1, '650']];99.54;650
W4YZF5_STRPU_1;[[72.69, 1, '216'], [11.39, 2, '316']];72.69;216
S9U239_9TRYP_1;[[100.0, 1, '589']];100.0;589
A0A096NMN0_PAPAN_1;[[93.95, 1, '529']];93.95;529
M3YV76_MUSPF_1;[[9.29, 2, '560'], [99.64, 1, '561']];99.64;561
H3CQC7_TETNG_2;[[46.66, 2, '1108'], [15.41, 1, '701']];46.66;1108
A0A0D9R0X9_CHLSB_1;[[53.09, 1, '194']];53.09;194
B0X734_CULQU_1;[[56.83, 1, '739']];56.83;739
D3ZYF7_RAT_1;[[52.12, 1, '706']];52.12;706
D6WTY1_TRICA_2;[[16.06, 1, '716'], [100.0, 2, '441']];100.0;441
BBS12_MOUSE_2;[[66.81, 2, '708'], [5.34, 1, '712']];66.81;708
B4MK78_DROWI_1;[[93.66, 1, '489']];93.66;489
K2NS17_TRYCR_2;[[100.0, 2, '586'], [8.48, 1, '625']];100.0;586
H0XMN1_OTOGA_1;[[81.25, 1, '80']];81.25;80
B4H6C3_DROPE_1;[[100.0, 1, '483'], [12.89, 2, '543']];100.0;483
F1PG88_CANLF_2;[[8.73, 1, '229'], [87.83, 2, '189']];87.83;189
F7E5E6_ORNAN_1;[[50.63, 1, '717']];50.63;717
A0A087YHA2_POEFO_1;[[44.25, 1, '583']];44.25;583
G3TR76_LOXAF_1;[[60.03, 1, '713']];60.03;713
B1WBT5_RAT_1;[[94.46, 1, '505']];94.46;505
F6PJY2_HORSE_1;[[99.67, 1, '299']];99.67;299
F6XYK3_HORSE_1;[[59.94, 1, '714']];59.94;714
G1KSD3_ANOCA_1;[[100.0, 1, '186']];100.0;186
G3RBR0_GORGO_1;[[2.85, 2, '596'], [99.33, 1, '597']];99.33;597
F6SNQ4_MONDO_1;[[100.0, 1, '298']];100.0;298
M3ZXJ0_XIPMA_1;[[11.89, 1, '185']];11.89;185
K7GGB8_PELSI_1;[[98.07, 1, '519']];98.07;519
H2M9T7_ORYLA_1;[[95.04, 1, '564'], [10.16, 2, '630']];95.04;564
H0WCG0_CAVPO_2;[[5.96, 1, '604'], [97.81, 2, '593']];97.81;593
B4HN35_DROSE_1;[[8.91, 2, '662'], [95.48, 1, '509']];95.48;509
G7PC93_MACFA_1;[[50.72, 1, '207']];50.72;207
B4KME7_DROMO_1;[[12.4, 2, '250'], [38.19, 1, '529']];38.19;529
V4AFV8_LOTGI_2;[[8.55, 1, '585'], [98.63, 2, '585']];98.63;585
G1LSZ3_AILME_1;[[75.48, 1, '208']];75.48;208
H3B9Z9_LATCH_1;[[73.54, 1, '189']];73.54;189
G3W269_SARHA_1;[[83.95, 1, '324']];83.95;324
G3T3V8_LOXAF_1;[[95.1, 1, '715']];95.1;715
BBS2_MOUSE_1;[[83.36, 1, '721']];83.36;721
H2N391_PONAB_1;[[77.78, 1, '747']];77.78;747
U3KGN2_FICAL_1;[[69.23, 1, '741']];69.23;741
I3MVI4_ICTTR_1;[[97.32, 1, '671']];97.32;671
W5PKU2_SHEEP_1;[[83.57, 1, '572']];83.57;572
Q9I7P3_DROME_1;[[13.73, 2, '510'], [49.35, 1, '772']];49.35;772
A0A0D9S9I9_CHLSB_1;[[100.0, 1, '653']];100.0;653
V5DCK5_TRYCR_3;[[15.64, 2, '505'], [8.9, 5, '607'], [9.05, 4, '597'], [6.16, 1, '584'], [100.0, 3, '487']];100.0;487
F6PQ94_CIOIN_2;[[12.58, 3, '787'], [8.86, 1, '711'], [65.36, 2, '1048']];65.36;1048
G3W6A7_SARHA_1;[[37.22, 1, '720']];37.22;720
T1EEF4_HELRO_1;[[13.03, 1, '399']];13.03;399
F6VUS1_ORNAN_1;[[93.37, 1, '573']];93.37;573
A0A096MMY7_PAPAN_1;[[93.65, 1, '598'], [2.85, 2, '597']];93.65;598
F6SS62_MONDO_1;[[67.55, 1, '265']];67.55;265
G1LXJ6_AILME_1;[[88.93, 1, '596'], [3.01, 2, '599']];88.93;596
F1SNZ1_PIG_1;[[90.97, 1, '299']];90.97;299
H2NBL0_PONAB_1;[[93.06, 1, '72']];93.06;72
K1R468_CRAGI_1;[[78.0, 1, '200']];78.0;200
Q16XJ9_AEDAE_2;[[4.83, 1, '746'], [100.0, 2, '741']];100.0;741
B2RZ48_RAT_1;[[32.02, 1, '684']];32.02;684
A0A096NE45_PAPAN_1;[[100.0, 1, '653']];100.0;653
T1FZD8_HELRO_1;[[64.83, 1, '327']];64.83;327
F7B2E3_MACMU_1;[[97.02, 1, '302']];97.02;302
F6S5R5_HORSE_1;[[76.95, 1, '616']];76.95;616
F7G484_MACMU_1;[[50.24, 1, '207']];50.24;207
H0WSU0_OTOGA_1;[[64.84, 1, '256']];64.84;256
A0A0H5S235_BRUMA_1;[[55.47, 1, '1024']];55.47;1024
H0Y2B1_OTOGA_1;[[100.0, 1, '653']];100.0;653
H0X602_OTOGA_1;[[89.97, 1, '299']];89.97;299
K1PBA9_CRAGI_2;[[100.0, 2, '188'], [13.1, 1, '252']];100.0;188
Q4R679_MACFA_1;[[59.38, 1, '709']];59.38;709
H2ZYI3_LATCH_1;[[99.54, 1, '647']];99.54;647
G3S2G4_GORGO_1;[[51.97, 1, '710']];51.97;710
G1S9G6_NOMLE_1;[[54.23, 1, '710']];54.23;710
F6ZBL6_MACMU_1;[[83.22, 1, '721']];83.22;721
B4F765_RAT_1;[[67.49, 1, '203']];67.49;203
H3D829_TETNG_1;[[96.37, 1, '303']];96.37;303
H2RJL3_TAKRU_1;[[5.32, 2, '583'], [100.0, 1, '567']];100.0;567
G1QY66_NOMLE_1;[[74.78, 1, '341']];74.78;341
CH037_BOVIN_1;[[100.0, 1, '207']];100.0;207
A0A096LWM2_POEFO_1;[[13.32, 1, '473']];13.32;473
G3VZE0_SARHA_1;[[87.1, 1, '186']];87.1;186
W5P6M8_SHEEP_1;[[89.37, 1, '207']];89.37;207
A0A0D9R018_CHLSB_1;[[74.06, 1, '559'], [12.56, 2, '597']];74.06;559
TRI32_HUMAN_1;[[100.0, 1, '653']];100.0;653
B4QVM9_DROSI_1;[[13.27, 2, '505'], [49.35, 1, '772']];49.35;772
F6UBH2_MONDO_1;[[88.5, 1, '600']];88.5;600
H2ZXI1_LATCH_1;[[90.13, 1, '537']];90.13;537
G1ME56_AILME_1;[[88.25, 1, '766']];88.25;766
W5LDX9_ASTMX_1;[[87.1, 1, '186']];87.1;186
A0A087XH33_POEFO_1;[[10.58, 1, '104']];10.58;104
S9UWW3_9TRYP_1;[[100.0, 1, '181']];100.0;181
F1SBK4_PIG_1;[[92.66, 1, '572']];92.66;572
A0A158NS39_ATTCE_1;[[13.17, 1, '539']];13.17;539
H2QXS4_PANTR_1;[[100.0, 1, '653']];100.0;653
E1C569_CHICK_1;[[40.03, 1, '662']];40.03;662
I3JQB2_ORENI_1;[[12.02, 2, '574'], [39.91, 1, '699']];39.91;699
J9EVV2_9SPIT_1;[[13.08, 1, '428']];13.08;428
F6PM46_HORSE_1;[[83.33, 1, '720']];83.33;720
G1SYD7_RABIT_1;[[9.03, 2, '587'], [100.0, 1, '559']];100.0;559
G1SQG3_RABIT_1;[[65.56, 1, '694']];65.56;694
F6TJ94_HORSE_1;[[52.6, 1, '770'], [7.96, 2, '716']];52.6;770
M3Y3G7_MUSPF_1;[[3.83, 2, '732'], [63.31, 1, '714']];63.31;714
F6V1R0_HORSE_1;[[51.4, 1, '214']];51.4;214
M3W9S7_FELCA_1;[[62.63, 1, '570']];62.63;570
F7AEK0_CALJA_1;[[83.87, 1, '186']];83.87;186
F6QM11_MONDO_1;[[70.63, 1, '521'], [19.96, 2, '526']];70.63;521
H2MAJ8_ORYLA_1;[[99.66, 1, '298']];99.66;298
SDCG8_HUMAN_1;[[66.78, 1, '897']];66.78;897
S9UZY7_9TRYP_1;[[100.0, 1, '579']];100.0;579
LZTL1_BOVIN_1;[[87.96, 1, '299']];87.96;299
A0A0D9R698_CHLSB_1;[[77.21, 1, '215']];77.21;215
H9GKS6_ANOCA_1;[[98.32, 1, '297']];98.32;297
G3WH06_SARHA_1;[[84.69, 1, '209']];84.69;209
G3SW34_LOXAF_1;[[82.8, 1, '186']];82.8;186
A0A087Y1G8_POEFO_1;[[10.5, 1, '733']];10.5;733
MKKS_PONAB_1;[[93.51, 1, '570']];93.51;570
TTC8_HUMAN_1;[[90.02, 1, '541']];90.02;541
J9I6B1_9SPIT_1;[[80.3, 1, '594']];80.3;594
F6WD17_ORNAN_1;[[100.0, 1, '299']];100.0;299
K7FSX8_PELSI_1;[[100.0, 1, '71']];100.0;71
H2T1G8_TAKRU_1;[[74.68, 1, '395']];74.68;395
H2PT77_PONAB_1;[[100.0, 1, '653']];100.0;653
H3BHT8_LATCH_1;[[97.4, 1, '576']];97.4;576
K7F055_PELSI_1;[[100.0, 1, '647']];100.0;647
CH037_HUMAN_1;[[73.91, 1, '207']];73.91;207
F6YCR4_HORSE_1;[[100.0, 1, '653']];100.0;653
W5PWU8_SHEEP_1;[[61.33, 1, '724']];61.33;724
A0A0D9RJ69_CHLSB_1;[[50.72, 1, '207']];50.72;207
B3RQQ8_TRIAD_1;[[50.59, 1, '425']];50.59;425
J9I6R2_9SPIT_1;[[100.0, 1, '583']];100.0;583
F4PEA0_BATDJ_1;[[40.5, 1, '1395'], [10.61, 2, '1084']];40.5;1395
H2NNP4_PONAB_1;[[60.62, 1, '579']];60.62;579
A0A0V0R577_PSEPJ_2;[[89.24, 2, '502'], [6.47, 1, '510']];89.24;502
G3QYJ9_GORGO_1;[[65.59, 1, '930']];65.59;930
BBIP1_DANRE_1;[[100.0, 1, '72']];100.0;72
BBS5_DANRE_1;[[45.7, 1, '698']];45.7;698
D2HN50_AILME_1;[[60.03, 1, '713']];60.03;713
H2QUE8_PANTR_1;[[69.85, 1, '912']];69.85;912
LZTL1_PONAB_1;[[99.67, 1, '300']];99.67;300
G1KX11_ANOCA_1;[[46.42, 1, '265']];46.42;265
A0A061J9H1_TRYRA_1;[[100.0, 1, '458']];100.0;458
F6UTK2_ORNAN_1;[[81.32, 1, '621']];81.32;621
F1N4X0_BOVIN_1;[[91.14, 1, '519']];91.14;519
F1NGP6_CHICK_1;[[99.81, 1, '533']];99.81;533
G3QRG0_GORGO_1;[[43.13, 1, '619']];43.13;619
W4Y9Z5_STRPU_1;[[92.52, 1, '535']];92.52;535
M3YMG3_MUSPF_1;[[79.9, 1, '209']];79.9;209
G1SYN3_RABIT_1;[[100.0, 1, '299']];100.0;299
A0A096MWX4_PAPAN_1;[[54.17, 1, '720']];54.17;720
E2RKK7_CANLF_1;[[99.69, 1, '655']];99.69;655
H9GPW5_ANOCA_1;[[99.54, 1, '653']];99.54;653
G3SY59_LOXAF_1;[[39.68, 1, '877']];39.68;877
K7JBG2_NASVI_1;[[87.59, 1, '580']];87.59;580
W4Z3R7_STRPU_1;[[100.0, 1, '346']];100.0;346
U3KJC2_FICAL_1;[[100.0, 1, '647']];100.0;647
H3AVK0_LATCH_1;[[86.84, 1, '342']];86.84;342
G1LVU0_AILME_1;[[30.94, 1, '682']];30.94;682
BBS10_HUMAN_0;[[0.0, 0, '0']];0.0;0
H2QQ41_PANTR_0;[[0.0, 0, '0']];0.0;0
H2RCJ0_PANTR_0;[[0.0, 0, '0']];0.0;0
H2R6Z7_PANTR_0;[[0.0, 0, '0']];0.0;0
H2Q1F4_PANTR_0;[[0.0, 0, '0']];0.0;0
G2HEF9_PANTR_0;[[0.0, 0, '0']];0.0;0
H2Q6I5_PANTR_0;[[0.0, 0, '0']];0.0;0
H2Q8R7_PANTR_0;[[0.0, 0, '0']];0.0;0
H2R2S2_PANTR_0;[[0.0, 0, '0']];0.0;0
H2QJY8_PANTR_0;[[0.0, 0, '0']];0.0;0
G3SKE1_GORGO_0;[[0.0, 0, '0']];0.0;0
G3S2X3_GORGO_0;[[0.0, 0, '0']];0.0;0
G3R8E0_GORGO_0;[[0.0, 0, '0']];0.0;0
G3QRU9_GORGO_0;[[0.0, 0, '0']];0.0;0
H2P625_PONAB_0;[[0.0, 0, '0']];0.0;0
H2PME6_PONAB_0;[[0.0, 0, '0']];0.0;0
H2NVE1_PONAB_0;[[0.0, 0, '0']];0.0;0
H2NQY4_PONAB_0;[[0.0, 0, '0']];0.0;0
G1RV53_NOMLE_0;[[0.0, 0, '0']];0.0;0
G1R2E6_NOMLE_0;[[0.0, 0, '0']];0.0;0
G1RFG0_NOMLE_0;[[0.0, 0, '0']];0.0;0
A0A0D9QYN2_CHLSB_0;[[0.0, 0, '0']];0.0;0
A0A0D9RUP7_CHLSB_0;[[0.0, 0, '0']];0.0;0
A0A0D9RGH8_CHLSB_0;[[0.0, 0, '0']];0.0;0
A0A0D9S9R9_CHLSB_0;[[0.0, 0, '0']];0.0;0
A0A0D9RN20_CHLSB_0;[[0.0, 0, '0']];0.0;0
G7PB52_MACFA_0;[[0.0, 0, '0']];0.0;0
F7H279_MACMU_0;[[0.0, 0, '0']];0.0;0
F7H903_MACMU_0;[[0.0, 0, '0']];0.0;0
F6Q0A8_MACMU_0;[[0.0, 0, '0']];0.0;0
F6SUK4_MACMU_0;[[0.0, 0, '0']];0.0;0
F6XYF5_MACMU_0;[[0.0, 0, '0']];0.0;0
A0A096N3B0_PAPAN_0;[[0.0, 0, '0']];0.0;0
A0A096MVJ7_PAPAN_0;[[0.0, 0, '0']];0.0;0
A0A096MNW8_PAPAN_0;[[0.0, 0, '0']];0.0;0
A0A096N1F4_PAPAN_0;[[0.0, 0, '0']];0.0;0
A0A096NA64_PAPAN_0;[[0.0, 0, '0']];0.0;0
A0A096N6U1_PAPAN_0;[[0.0, 0, '0']];0.0;0
A0A096P1E7_PAPAN_0;[[0.0, 0, '0']];0.0;0
H9KX96_CALJA_0;[[0.0, 0, '0']];0.0;0
F6W3E7_CALJA_0;[[0.0, 0, '0']];0.0;0
F7C208_CALJA_0;[[0.0, 0, '0']];0.0;0
F7FJH7_CALJA_0;[[0.0, 0, '0']];0.0;0
H0WJQ5_OTOGA_0;[[0.0, 0, '0']];0.0;0
H0WSU7_OTOGA_0;[[0.0, 0, '0']];0.0;0
H0WG94_OTOGA_0;[[0.0, 0, '0']];0.0;0
H0XFB0_OTOGA_0;[[0.0, 0, '0']];0.0;0
H0XTE1_OTOGA_0;[[0.0, 0, '0']];0.0;0
H0WGM3_OTOGA_0;[[0.0, 0, '0']];0.0;0
H0XC64_OTOGA_0;[[0.0, 0, '0']];0.0;0
TTC8_MOUSE_0;[[0.0, 0, '0']];0.0;0
FRITZ_MOUSE_0;[[0.0, 0, '0']];0.0;0
BBS10_MOUSE_0;[[0.0, 0, '0']];0.0;0
B1H296_RAT_0;[[0.0, 0, '0']];0.0;0
A0A0G2JT03_RAT_0;[[0.0, 0, '0']];0.0;0
F1M285_RAT_0;[[0.0, 0, '0']];0.0;0
H0VTI3_CAVPO_0;[[0.0, 0, '0']];0.0;0
H0VYD3_CAVPO_0;[[0.0, 0, '0']];0.0;0
H0VMP6_CAVPO_0;[[0.0, 0, '0']];0.0;0
H0V4N5_CAVPO_0;[[0.0, 0, '0']];0.0;0
H0UUH7_CAVPO_0;[[0.0, 0, '0']];0.0;0
I3MZR6_ICTTR_0;[[0.0, 0, '0']];0.0;0
I3MIT5_ICTTR_0;[[0.0, 0, '0']];0.0;0
I3MKN1_ICTTR_0;[[0.0, 0, '0']];0.0;0
I3M370_ICTTR_0;[[0.0, 0, '0']];0.0;0
I3MYC6_ICTTR_0;[[0.0, 0, '0']];0.0;0
I3MKM9_ICTTR_0;[[0.0, 0, '0']];0.0;0
I3MFS4_ICTTR_0;[[0.0, 0, '0']];0.0;0
G1SZG9_RABIT_0;[[0.0, 0, '0']];0.0;0
G1U012_RABIT_0;[[0.0, 0, '0']];0.0;0
G1TAG0_RABIT_0;[[0.0, 0, '0']];0.0;0
G1TUK9_RABIT_0;[[0.0, 0, '0']];0.0;0
E2RRL8_CANLF_0;[[0.0, 0, '0']];0.0;0
J9NVH9_CANLF_0;[[0.0, 0, '0']];0.0;0
J9NXG5_CANLF_0;[[0.0, 0, '0']];0.0;0
F1PMK6_CANLF_0;[[0.0, 0, '0']];0.0;0
J9P3I0_CANLF_0;[[0.0, 0, '0']];0.0;0
E2REN6_CANLF_0;[[0.0, 0, '0']];0.0;0
F1PG86_CANLF_0;[[0.0, 0, '0']];0.0;0
G1LGY7_AILME_0;[[0.0, 0, '0']];0.0;0
G1LG10_AILME_0;[[0.0, 0, '0']];0.0;0
G1LAF1_AILME_0;[[0.0, 0, '0']];0.0;0
G1LFS2_AILME_0;[[0.0, 0, '0']];0.0;0
G1L489_AILME_0;[[0.0, 0, '0']];0.0;0
G1LIU7_AILME_0;[[0.0, 0, '0']];0.0;0
G1M4X8_AILME_0;[[0.0, 0, '0']];0.0;0
G1LRW4_AILME_0;[[0.0, 0, '0']];0.0;0
M3Y536_MUSPF_0;[[0.0, 0, '0']];0.0;0
M3Y9W2_MUSPF_0;[[0.0, 0, '0']];0.0;0
M3Y2I1_MUSPF_0;[[0.0, 0, '0']];0.0;0
M3Z0E8_MUSPF_0;[[0.0, 0, '0']];0.0;0
M3Z4U9_MUSPF_0;[[0.0, 0, '0']];0.0;0
M3Z1A1_MUSPF_0;[[0.0, 0, '0']];0.0;0
M3WE70_FELCA_0;[[0.0, 0, '0']];0.0;0
M3WH89_FELCA_0;[[0.0, 0, '0']];0.0;0
M3WRS6_FELCA_0;[[0.0, 0, '0']];0.0;0
M3XFE7_FELCA_0;[[0.0, 0, '0']];0.0;0
M3WKW0_FELCA_0;[[0.0, 0, '0']];0.0;0
M3W6A3_FELCA_0;[[0.0, 0, '0']];0.0;0
G3N2W1_BOVIN_0;[[0.0, 0, '0']];0.0;0
E1B8R8_BOVIN_0;[[0.0, 0, '0']];0.0;0
A6QQN3_BOVIN_0;[[0.0, 0, '0']];0.0;0
F1MB52_BOVIN_0;[[0.0, 0, '0']];0.0;0
W5QCC4_SHEEP_0;[[0.0, 0, '0']];0.0;0
W5P852_SHEEP_0;[[0.0, 0, '0']];0.0;0
W5P769_SHEEP_0;[[0.0, 0, '0']];0.0;0
W5PZP5_SHEEP_0;[[0.0, 0, '0']];0.0;0
W5NZN3_SHEEP_0;[[0.0, 0, '0']];0.0;0
W5NZH1_SHEEP_0;[[0.0, 0, '0']];0.0;0
W5PLE6_SHEEP_0;[[0.0, 0, '0']];0.0;0
W5QCF0_SHEEP_0;[[0.0, 0, '0']];0.0;0
W5QFP5_SHEEP_0;[[0.0, 0, '0']];0.0;0
I3LT30_PIG_0;[[0.0, 0, '0']];0.0;0
F1SKJ7_PIG_0;[[0.0, 0, '0']];0.0;0
I3L6U7_PIG_0;[[0.0, 0, '0']];0.0;0
I3LAV0_PIG_0;[[0.0, 0, '0']];0.0;0
F1SI91_PIG_0;[[0.0, 0, '0']];0.0;0
I3LJG1_PIG_0;[[0.0, 0, '0']];0.0;0
G1PT86_MYOLU_0;[[0.0, 0, '0']];0.0;0
G1NSP1_MYOLU_0;[[0.0, 0, '0']];0.0;0
G1PPI5_MYOLU_0;[[0.0, 0, '0']];0.0;0
G1Q6T8_MYOLU_0;[[0.0, 0, '0']];0.0;0
G1QEW9_MYOLU_0;[[0.0, 0, '0']];0.0;0
G1P3P7_MYOLU_0;[[0.0, 0, '0']];0.0;0
G1PY40_MYOLU_0;[[0.0, 0, '0']];0.0;0
L7N1T4_MYOLU_0;[[0.0, 0, '0']];0.0;0
G1NXM3_MYOLU_0;[[0.0, 0, '0']];0.0;0
G1PSK0_MYOLU_0;[[0.0, 0, '0']];0.0;0
G1NWH7_MYOLU_0;[[0.0, 0, '0']];0.0;0
F7CR52_HORSE_0;[[0.0, 0, '0']];0.0;0
F6TUH0_HORSE_0;[[0.0, 0, '0']];0.0;0
F7CDR8_HORSE_0;[[0.0, 0, '0']];0.0;0
F7BTA0_HORSE_0;[[0.0, 0, '0']];0.0;0
F7A6Y6_HORSE_0;[[0.0, 0, '0']];0.0;0
G3THW0_LOXAF_0;[[0.0, 0, '0']];0.0;0
G3SS75_LOXAF_0;[[0.0, 0, '0']];0.0;0
G3SRN0_LOXAF_0;[[0.0, 0, '0']];0.0;0
G3UNS7_LOXAF_0;[[0.0, 0, '0']];0.0;0
G3SZ68_LOXAF_0;[[0.0, 0, '0']];0.0;0
F6PNT7_MONDO_0;[[0.0, 0, '0']];0.0;0
F7DMU6_MONDO_0;[[0.0, 0, '0']];0.0;0
F6YN29_MONDO_0;[[0.0, 0, '0']];0.0;0
F7FJJ6_MONDO_0;[[0.0, 0, '0']];0.0;0
F7AYF5_MONDO_0;[[0.0, 0, '0']];0.0;0
F7G4A0_MONDO_0;[[0.0, 0, '0']];0.0;0
F6PP46_MONDO_0;[[0.0, 0, '0']];0.0;0
F6QAP7_MONDO_0;[[0.0, 0, '0']];0.0;0
F6QMY3_MONDO_0;[[0.0, 0, '0']];0.0;0
F7E4F6_MONDO_0;[[0.0, 0, '0']];0.0;0
G3VLR7_SARHA_0;[[0.0, 0, '0']];0.0;0
G3VFI2_SARHA_0;[[0.0, 0, '0']];0.0;0
G3WF86_SARHA_0;[[0.0, 0, '0']];0.0;0
G3VZE5_SARHA_0;[[0.0, 0, '0']];0.0;0
G3W779_SARHA_0;[[0.0, 0, '0']];0.0;0
G3VFR9_SARHA_0;[[0.0, 0, '0']];0.0;0
G3VHQ8_SARHA_0;[[0.0, 0, '0']];0.0;0
G3WG80_SARHA_0;[[0.0, 0, '0']];0.0;0
F6RJ94_ORNAN_0;[[0.0, 0, '0']];0.0;0
F7EQ74_ORNAN_0;[[0.0, 0, '0']];0.0;0
K7EE43_ORNAN_0;[[0.0, 0, '0']];0.0;0
F7CW87_ORNAN_0;[[0.0, 0, '0']];0.0;0
F7DBP5_ORNAN_0;[[0.0, 0, '0']];0.0;0
F7DK17_ORNAN_0;[[0.0, 0, '0']];0.0;0
F6YTD1_ORNAN_0;[[0.0, 0, '0']];0.0;0
F6Z899_ORNAN_0;[[0.0, 0, '0']];0.0;0
F6UML6_ORNAN_0;[[0.0, 0, '0']];0.0;0
F1NQI6_CHICK_0;[[0.0, 0, '0']];0.0;0
E1BR95_CHICK_0;[[0.0, 0, '0']];0.0;0
E1C4G5_CHICK_0;[[0.0, 0, '0']];0.0;0
U3JYK5_FICAL_0;[[0.0, 0, '0']];0.0;0
U3KK29_FICAL_0;[[0.0, 0, '0']];0.0;0
U3JG05_FICAL_0;[[0.0, 0, '0']];0.0;0
U3K0T5_FICAL_0;[[0.0, 0, '0']];0.0;0
U3KA66_FICAL_0;[[0.0, 0, '0']];0.0;0
U3KCY4_FICAL_0;[[0.0, 0, '0']];0.0;0
U3KEX1_FICAL_0;[[0.0, 0, '0']];0.0;0
U3JJ66_FICAL_0;[[0.0, 0, '0']];0.0;0
U3K0J7_FICAL_0;[[0.0, 0, '0']];0.0;0
U3JSU8_FICAL_0;[[0.0, 0, '0']];0.0;0
K7G672_PELSI_0;[[0.0, 0, '0']];0.0;0
K7FNG7_PELSI_0;[[0.0, 0, '0']];0.0;0
K7FZ59_PELSI_0;[[0.0, 0, '0']];0.0;0
K7GB82_PELSI_0;[[0.0, 0, '0']];0.0;0
K7FLU5_PELSI_0;[[0.0, 0, '0']];0.0;0
K7FRV5_PELSI_0;[[0.0, 0, '0']];0.0;0
K7FSV7_PELSI_0;[[0.0, 0, '0']];0.0;0
K7FCT6_PELSI_0;[[0.0, 0, '0']];0.0;0
K7FS03_PELSI_0;[[0.0, 0, '0']];0.0;0
K7GB43_PELSI_0;[[0.0, 0, '0']];0.0;0
K7FYE3_PELSI_0;[[0.0, 0, '0']];0.0;0
K7FBG2_PELSI_0;[[0.0, 0, '0']];0.0;0
K7F525_PELSI_0;[[0.0, 0, '0']];0.0;0
G1KY06_ANOCA_0;[[0.0, 0, '0']];0.0;0
R4G9X7_ANOCA_0;[[0.0, 0, '0']];0.0;0
G1KIP3_ANOCA_0;[[0.0, 0, '0']];0.0;0
H9GBY2_ANOCA_0;[[0.0, 0, '0']];0.0;0
G1KIJ0_ANOCA_0;[[0.0, 0, '0']];0.0;0
G1KEQ2_ANOCA_0;[[0.0, 0, '0']];0.0;0
G1KJQ1_ANOCA_0;[[0.0, 0, '0']];0.0;0
H9GG47_ANOCA_0;[[0.0, 0, '0']];0.0;0
F7EKI0_XENTR_0;[[0.0, 0, '0']];0.0;0
F6YUF2_XENTR_0;[[0.0, 0, '0']];0.0;0
F6WSP0_XENTR_0;[[0.0, 0, '0']];0.0;0
F7C4T1_XENTR_0;[[0.0, 0, '0']];0.0;0
F6SBB9_XENTR_0;[[0.0, 0, '0']];0.0;0
F6R3H8_XENTR_0;[[0.0, 0, '0']];0.0;0
B1H1F4_XENTR_0;[[0.0, 0, '0']];0.0;0
F6UU75_XENTR_0;[[0.0, 0, '0']];0.0;0
F6PTH6_XENTR_0;[[0.0, 0, '0']];0.0;0
F6X9Y0_XENTR_0;[[0.0, 0, '0']];0.0;0
F7EC15_XENTR_0;[[0.0, 0, '0']];0.0;0
F6QTI8_XENTR_0;[[0.0, 0, '0']];0.0;0
F6WII2_XENTR_0;[[0.0, 0, '0']];0.0;0
H2ZVG5_LATCH_0;[[0.0, 0, '0']];0.0;0
M3XIP9_LATCH_0;[[0.0, 0, '0']];0.0;0
H3ACW2_LATCH_0;[[0.0, 0, '0']];0.0;0
H2ZWW4_LATCH_0;[[0.0, 0, '0']];0.0;0
H3B2R5_LATCH_0;[[0.0, 0, '0']];0.0;0
H3A6Z7_LATCH_0;[[0.0, 0, '0']];0.0;0
M3XJC5_LATCH_0;[[0.0, 0, '0']];0.0;0
H3AAI8_LATCH_0;[[0.0, 0, '0']];0.0;0
H2ZVT4_LATCH_0;[[0.0, 0, '0']];0.0;0
H3AX78_LATCH_0;[[0.0, 0, '0']];0.0;0
M3XJ38_LATCH_0;[[0.0, 0, '0']];0.0;0
W5NE82_LEPOC_0;[[0.0, 0, '0']];0.0;0
W5M4M4_LEPOC_0;[[0.0, 0, '0']];0.0;0
W5NHG3_LEPOC_0;[[0.0, 0, '0']];0.0;0
W5MNX0_LEPOC_0;[[0.0, 0, '0']];0.0;0
W5NGP4_LEPOC_0;[[0.0, 0, '0']];0.0;0
W5MWL7_LEPOC_0;[[0.0, 0, '0']];0.0;0
W5M3R4_LEPOC_0;[[0.0, 0, '0']];0.0;0
W5M3Q4_LEPOC_0;[[0.0, 0, '0']];0.0;0
W5NCP5_LEPOC_0;[[0.0, 0, '0']];0.0;0
W5M531_LEPOC_0;[[0.0, 0, '0']];0.0;0
W5MWM9_LEPOC_0;[[0.0, 0, '0']];0.0;0
E7EZE3_DANRE_0;[[0.0, 0, '0']];0.0;0
F1QBF1_DANRE_0;[[0.0, 0, '0']];0.0;0
E7F6E0_DANRE_0;[[0.0, 0, '0']];0.0;0
A0A140TAU3_DANRE_0;[[0.0, 0, '0']];0.0;0
F1Q9F8_DANRE_0;[[0.0, 0, '0']];0.0;0
A0A0R4IXP1_DANRE_0;[[0.0, 0, '0']];0.0;0
F1QCQ8_DANRE_0;[[0.0, 0, '0']];0.0;0
E7F9Q9_DANRE_0;[[0.0, 0, '0']];0.0;0
W5LLH1_ASTMX_0;[[0.0, 0, '0']];0.0;0
W5K9G7_ASTMX_0;[[0.0, 0, '0']];0.0;0
W5LJ82_ASTMX_0;[[0.0, 0, '0']];0.0;0
W5K6A8_ASTMX_0;[[0.0, 0, '0']];0.0;0
W5KIU0_ASTMX_0;[[0.0, 0, '0']];0.0;0
W5K849_ASTMX_0;[[0.0, 0, '0']];0.0;0
W5L0U3_ASTMX_0;[[0.0, 0, '0']];0.0;0
W5LRM0_ASTMX_0;[[0.0, 0, '0']];0.0;0
W5KAP8_ASTMX_0;[[0.0, 0, '0']];0.0;0
I3IWV9_ORENI_0;[[0.0, 0, '0']];0.0;0
I3J4U2_ORENI_0;[[0.0, 0, '0']];0.0;0
I3JHX4_ORENI_0;[[0.0, 0, '0']];0.0;0
I3KYQ8_ORENI_0;[[0.0, 0, '0']];0.0;0
I3JEC7_ORENI_0;[[0.0, 0, '0']];0.0;0
I3KCZ4_ORENI_0;[[0.0, 0, '0']];0.0;0
I3IYL8_ORENI_0;[[0.0, 0, '0']];0.0;0
I3KWC4_ORENI_0;[[0.0, 0, '0']];0.0;0
I3IYB2_ORENI_0;[[0.0, 0, '0']];0.0;0
A0A087YC70_POEFO_0;[[0.0, 0, '0']];0.0;0
A0A087YB91_POEFO_0;[[0.0, 0, '0']];0.0;0
A0A087YNL7_POEFO_0;[[0.0, 0, '0']];0.0;0
A0A087XEK6_POEFO_0;[[0.0, 0, '0']];0.0;0
A0A087XBC5_POEFO_0;[[0.0, 0, '0']];0.0;0
A0A087X8G3_POEFO_0;[[0.0, 0, '0']];0.0;0
A0A087Y3I8_POEFO_0;[[0.0, 0, '0']];0.0;0
A0A096M5A9_POEFO_0;[[0.0, 0, '0']];0.0;0
A0A087X6C9_POEFO_0;[[0.0, 0, '0']];0.0;0
A0A087XEB7_POEFO_0;[[0.0, 0, '0']];0.0;0
A0A087YK02_POEFO_0;[[0.0, 0, '0']];0.0;0
A0A096LYQ5_POEFO_0;[[0.0, 0, '0']];0.0;0
M4AKC5_XIPMA_0;[[0.0, 0, '0']];0.0;0
M4AG44_XIPMA_0;[[0.0, 0, '0']];0.0;0
M3ZUZ2_XIPMA_0;[[0.0, 0, '0']];0.0;0
M4A7P2_XIPMA_0;[[0.0, 0, '0']];0.0;0
M4AFV4_XIPMA_0;[[0.0, 0, '0']];0.0;0
M3ZHU5_XIPMA_0;[[0.0, 0, '0']];0.0;0
M4AUX9_XIPMA_0;[[0.0, 0, '0']];0.0;0
M4AZY0_XIPMA_0;[[0.0, 0, '0']];0.0;0
H2LGU6_ORYLA_0;[[0.0, 0, '0']];0.0;0
H2MPC6_ORYLA_0;[[0.0, 0, '0']];0.0;0
H2L842_ORYLA_0;[[0.0, 0, '0']];0.0;0
H2M4X9_ORYLA_0;[[0.0, 0, '0']];0.0;0
H2TTM2_TAKRU_0;[[0.0, 0, '0']];0.0;0
H2SZY5_TAKRU_0;[[0.0, 0, '0']];0.0;0
H2RV16_TAKRU_0;[[0.0, 0, '0']];0.0;0
H3CYE9_TETNG_0;[[0.0, 0, '0']];0.0;0
H3D6A2_TETNG_0;[[0.0, 0, '0']];0.0;0
H3CWU4_TETNG_0;[[0.0, 0, '0']];0.0;0
H3CPV7_TETNG_0;[[0.0, 0, '0']];0.0;0
G3PIC2_GASAC_0;[[0.0, 0, '0']];0.0;0
G3PXZ6_GASAC_0;[[0.0, 0, '0']];0.0;0
G3PWT5_GASAC_0;[[0.0, 0, '0']];0.0;0
G3PWE1_GASAC_0;[[0.0, 0, '0']];0.0;0
G3QC31_GASAC_0;[[0.0, 0, '0']];0.0;0
G3PLE4_GASAC_0;[[0.0, 0, '0']];0.0;0
G3P8N2_GASAC_0;[[0.0, 0, '0']];0.0;0
F6T0X5_CIOIN_0;[[0.0, 0, '0']];0.0;0
F6ZZ65_CIOIN_0;[[0.0, 0, '0']];0.0;0
F6YHN3_CIOIN_0;[[0.0, 0, '0']];0.0;0
F6RDQ7_CIOIN_0;[[0.0, 0, '0']];0.0;0
H2XR31_CIOIN_0;[[0.0, 0, '0']];0.0;0
H2XNP6_CIOIN_0;[[0.0, 0, '0']];0.0;0
F6V8F4_CIOIN_0;[[0.0, 0, '0']];0.0;0
H2Y5K1_CIOSA_0;[[0.0, 0, '0']];0.0;0
H2YNN2_CIOSA_0;[[0.0, 0, '0']];0.0;0
H2ZEB0_CIOSA_0;[[0.0, 0, '0']];0.0;0
H2Z2Z3_CIOSA_0;[[0.0, 0, '0']];0.0;0
H2YKL4_CIOSA_0;[[0.0, 0, '0']];0.0;0
H2ZFB3_CIOSA_0;[[0.0, 0, '0']];0.0;0
H2YQF5_CIOSA_0;[[0.0, 0, '0']];0.0;0
H2YY40_CIOSA_0;[[0.0, 0, '0']];0.0;0
H2Y718_CIOSA_0;[[0.0, 0, '0']];0.0;0
W4XP81_STRPU_0;[[0.0, 0, '0']];0.0;0
W4YQA9_STRPU_0;[[0.0, 0, '0']];0.0;0
W4XAM9_STRPU_0;[[0.0, 0, '0']];0.0;0
W4YNQ9_STRPU_0;[[0.0, 0, '0']];0.0;0
W4YMR2_STRPU_0;[[0.0, 0, '0']];0.0;0
W4XPH5_STRPU_0;[[0.0, 0, '0']];0.0;0
W4Z8E6_STRPU_0;[[0.0, 0, '0']];0.0;0
W4XFB5_STRPU_0;[[0.0, 0, '0']];0.0;0
W4XLR8_STRPU_0;[[0.0, 0, '0']];0.0;0
W4XAU7_STRPU_0;[[0.0, 0, '0']];0.0;0
W4Y6U2_STRPU_0;[[0.0, 0, '0']];0.0;0
W4YQE9_STRPU_0;[[0.0, 0, '0']];0.0;0
W4XKH6_STRPU_0;[[0.0, 0, '0']];0.0;0
W4YRA4_STRPU_0;[[0.0, 0, '0']];0.0;0
W4YSB1_STRPU_0;[[0.0, 0, '0']];0.0;0
T1EK87_HELRO_0;[[0.0, 0, '0']];0.0;0
T1FT46_HELRO_0;[[0.0, 0, '0']];0.0;0
T1FPQ8_HELRO_0;[[0.0, 0, '0']];0.0;0
T1FL10_HELRO_0;[[0.0, 0, '0']];0.0;0
T1G9V1_HELRO_0;[[0.0, 0, '0']];0.0;0
T1FEE1_HELRO_0;[[0.0, 0, '0']];0.0;0
T1G3W6_HELRO_0;[[0.0, 0, '0']];0.0;0
T1G1W0_HELRO_0;[[0.0, 0, '0']];0.0;0
T1FZ41_HELRO_0;[[0.0, 0, '0']];0.0;0
T1FAN3_HELRO_0;[[0.0, 0, '0']];0.0;0
K1QJC8_CRAGI_0;[[0.0, 0, '0']];0.0;0
K1RHW2_CRAGI_0;[[0.0, 0, '0']];0.0;0
K1PFG3_CRAGI_0;[[0.0, 0, '0']];0.0;0
K1QAR1_CRAGI_0;[[0.0, 0, '0']];0.0;0
K1QMM4_CRAGI_0;[[0.0, 0, '0']];0.0;0
K1QAN9_CRAGI_0;[[0.0, 0, '0']];0.0;0
K1QDK8_CRAGI_0;[[0.0, 0, '0']];0.0;0
K1QNC8_CRAGI_0;[[0.0, 0, '0']];0.0;0
K1QT73_CRAGI_0;[[0.0, 0, '0']];0.0;0
K1RF96_CRAGI_0;[[0.0, 0, '0']];0.0;0
K1QYL7_CRAGI_0;[[0.0, 0, '0']];0.0;0
K1RTU4_CRAGI_0;[[0.0, 0, '0']];0.0;0
V3ZL20_LOTGI_0;[[0.0, 0, '0']];0.0;0
V3ZMW5_LOTGI_0;[[0.0, 0, '0']];0.0;0
V4C0L9_LOTGI_0;[[0.0, 0, '0']];0.0;0
V4BHA5_LOTGI_0;[[0.0, 0, '0']];0.0;0
V4BDA4_LOTGI_0;[[0.0, 0, '0']];0.0;0
V4ARC4_LOTGI_0;[[0.0, 0, '0']];0.0;0
V4B7H3_LOTGI_0;[[0.0, 0, '0']];0.0;0
V4ASP5_LOTGI_0;[[0.0, 0, '0']];0.0;0
V3ZR86_LOTGI_0;[[0.0, 0, '0']];0.0;0
G4VAW8_SCHMA_0;[[0.0, 0, '0']];0.0;0
G4VB11_SCHMA_0;[[0.0, 0, '0']];0.0;0
G4VQ40_SCHMA_0;[[0.0, 0, '0']];0.0;0
G4LW93_SCHMA_0;[[0.0, 0, '0']];0.0;0
G4VFM7_SCHMA_0;[[0.0, 0, '0']];0.0;0
G4M289_SCHMA_0;[[0.0, 0, '0']];0.0;0
G4LWA2_SCHMA_0;[[0.0, 0, '0']];0.0;0
G4VMY2_SCHMA_0;[[0.0, 0, '0']];0.0;0
G4V987_SCHMA_0;[[0.0, 0, '0']];0.0;0
H9IUL9_BOMMO_0;[[0.0, 0, '0']];0.0;0
H9JBL6_BOMMO_0;[[0.0, 0, '0']];0.0;0
H9IX60_BOMMO_0;[[0.0, 0, '0']];0.0;0
H9J068_BOMMO_0;[[0.0, 0, '0']];0.0;0
H9J289_BOMMO_0;[[0.0, 0, '0']];0.0;0
H9IZS9_BOMMO_0;[[0.0, 0, '0']];0.0;0
H9JVX6_BOMMO_0;[[0.0, 0, '0']];0.0;0
A0A139WBN3_TRICA_0;[[0.0, 0, '0']];0.0;0
D6W797_TRICA_0;[[0.0, 0, '0']];0.0;0
A0A139WKF1_TRICA_0;[[0.0, 0, '0']];0.0;0
D6WUJ1_TRICA_0;[[0.0, 0, '0']];0.0;0
D2A2G0_TRICA_0;[[0.0, 0, '0']];0.0;0
N6TE63_DENPD_0;[[0.0, 0, '0']];0.0;0
Q9VPP9_DROME_0;[[0.0, 0, '0']];0.0;0
FRITZ_DROME_0;[[0.0, 0, '0']];0.0;0
Q9VYM3_DROME_0;[[0.0, 0, '0']];0.0;0
Q9VS19_DROME_0;[[0.0, 0, '0']];0.0;0
Q9VF13_DROME_0;[[0.0, 0, '0']];0.0;0
B3MUH4_DROAN_0;[[0.0, 0, '0']];0.0;0
B3M393_DROAN_0;[[0.0, 0, '0']];0.0;0
B3MUA1_DROAN_0;[[0.0, 0, '0']];0.0;0
B3MZ02_DROAN_0;[[0.0, 0, '0']];0.0;0
B4I7P4_DROSE_0;[[0.0, 0, '0']];0.0;0
B4IGG4_DROSE_0;[[0.0, 0, '0']];0.0;0
B4IDB2_DROSE_0;[[0.0, 0, '0']];0.0;0
B4HLG5_DROSE_0;[[0.0, 0, '0']];0.0;0
B4ICX1_DROSE_0;[[0.0, 0, '0']];0.0;0
B4IPB8_DROSE_0;[[0.0, 0, '0']];0.0;0
B4Q641_DROSI_0;[[0.0, 0, '0']];0.0;0
B4KFI6_DROMO_0;[[0.0, 0, '0']];0.0;0
B4K5Q4_DROMO_0;[[0.0, 0, '0']];0.0;0
B4KGC5_DROMO_0;[[0.0, 0, '0']];0.0;0
B4L6J8_DROMO_0;[[0.0, 0, '0']];0.0;0
A0A0Q9XI51_DROMO_0;[[0.0, 0, '0']];0.0;0
B4LLH6_DROVI_0;[[0.0, 0, '0']];0.0;0
B4LX92_DROVI_0;[[0.0, 0, '0']];0.0;0
A0A0Q9W9F9_DROVI_0;[[0.0, 0, '0']];0.0;0
B4M869_DROVI_0;[[0.0, 0, '0']];0.0;0
B4LTL5_DROVI_0;[[0.0, 0, '0']];0.0;0
B4G8S5_DROPE_0;[[0.0, 0, '0']];0.0;0
B4G899_DROPE_0;[[0.0, 0, '0']];0.0;0
B4GEV6_DROPE_0;[[0.0, 0, '0']];0.0;0
B5DXM6_DROPS_0;[[0.0, 0, '0']];0.0;0
Q28WL3_DROPS_0;[[0.0, 0, '0']];0.0;0
Q29N44_DROPS_0;[[0.0, 0, '0']];0.0;0
Q29J74_DROPS_0;[[0.0, 0, '0']];0.0;0
Q29MT0_DROPS_0;[[0.0, 0, '0']];0.0;0
B4NJQ7_DROWI_0;[[0.0, 0, '0']];0.0;0
B4MV93_DROWI_0;[[0.0, 0, '0']];0.0;0
B4N2G2_DROWI_0;[[0.0, 0, '0']];0.0;0
B4MW67_DROWI_0;[[0.0, 0, '0']];0.0;0
B4NBA2_DROWI_0;[[0.0, 0, '0']];0.0;0
B4JNK1_DROGR_0;[[0.0, 0, '0']];0.0;0
B4JDP6_DROGR_0;[[0.0, 0, '0']];0.0;0
A0A0L0CC86_LUCCU_0;[[0.0, 0, '0']];0.0;0
A0A0L0CAS7_LUCCU_0;[[0.0, 0, '0']];0.0;0
A0A0L0C437_LUCCU_0;[[0.0, 0, '0']];0.0;0
A0A0L0C708_LUCCU_0;[[0.0, 0, '0']];0.0;0
A0A0L0BP76_LUCCU_0;[[0.0, 0, '0']];0.0;0
Q7Q1T6_ANOGA_0;[[0.0, 0, '0']];0.0;0
F5HK34_ANOGA_0;[[0.0, 0, '0']];0.0;0
Q7QKB4_ANOGA_0;[[0.0, 0, '0']];0.0;0
Q7PZG7_ANOGA_0;[[0.0, 0, '0']];0.0;0
Q7Q5W5_ANOGA_0;[[0.0, 0, '0']];0.0;0
Q7Q2M8_ANOGA_0;[[0.0, 0, '0']];0.0;0
W5JQZ5_ANODA_0;[[0.0, 0, '0']];0.0;0
W5JSM4_ANODA_0;[[0.0, 0, '0']];0.0;0
W5JX09_ANODA_0;[[0.0, 0, '0']];0.0;0
W5J3B6_ANODA_0;[[0.0, 0, '0']];0.0;0
W5JJX1_ANODA_0;[[0.0, 0, '0']];0.0;0
W5JDQ4_ANODA_0;[[0.0, 0, '0']];0.0;0
Q17MR4_AEDAE_0;[[0.0, 0, '0']];0.0;0
Q17AX8_AEDAE_0;[[0.0, 0, '0']];0.0;0
Q17IM4_AEDAE_0;[[0.0, 0, '0']];0.0;0
B0W1I5_CULQU_0;[[0.0, 0, '0']];0.0;0
B0X1U1_CULQU_0;[[0.0, 0, '0']];0.0;0
B0X4V5_CULQU_0;[[0.0, 0, '0']];0.0;0
B0WVV4_CULQU_0;[[0.0, 0, '0']];0.0;0
B0WLK0_CULQU_0;[[0.0, 0, '0']];0.0;0
B0W644_CULQU_0;[[0.0, 0, '0']];0.0;0
B0WHK9_CULQU_0;[[0.0, 0, '0']];0.0;0
K7IUM7_NASVI_0;[[0.0, 0, '0']];0.0;0
K7JKG6_NASVI_0;[[0.0, 0, '0']];0.0;0
K7JWU6_NASVI_0;[[0.0, 0, '0']];0.0;0
K7JBD5_NASVI_0;[[0.0, 0, '0']];0.0;0
K7J2U6_NASVI_0;[[0.0, 0, '0']];0.0;0
K7IZ19_NASVI_0;[[0.0, 0, '0']];0.0;0
K7IMU7_NASVI_0;[[0.0, 0, '0']];0.0;0
K7IUT2_NASVI_0;[[0.0, 0, '0']];0.0;0
A0A158NBR4_ATTCE_0;[[0.0, 0, '0']];0.0;0
A0A158NWD1_ATTCE_0;[[0.0, 0, '0']];0.0;0
A0A158N9M8_ATTCE_0;[[0.0, 0, '0']];0.0;0
A0A158NBF3_ATTCE_0;[[0.0, 0, '0']];0.0;0
A0A158NV12_ATTCE_0;[[0.0, 0, '0']];0.0;0
A0A158N997_ATTCE_0;[[0.0, 0, '0']];0.0;0
A0A067QHW0_ZOONE_0;[[0.0, 0, '0']];0.0;0
A0A067REY3_ZOONE_0;[[0.0, 0, '0']];0.0;0
A0A067R087_ZOONE_0;[[0.0, 0, '0']];0.0;0
A0A067RAV1_ZOONE_0;[[0.0, 0, '0']];0.0;0
A0A067QWM4_ZOONE_0;[[0.0, 0, '0']];0.0;0
A0A067QNW7_ZOONE_0;[[0.0, 0, '0']];0.0;0
A0A067R4F6_ZOONE_0;[[0.0, 0, '0']];0.0;0
J9K5L4_ACYPI_0;[[0.0, 0, '0']];0.0;0
J9KWP6_ACYPI_0;[[0.0, 0, '0']];0.0;0
J9JLI4_ACYPI_0;[[0.0, 0, '0']];0.0;0
T1HIG5_RHOPR_0;[[0.0, 0, '0']];0.0;0
T1IEA4_RHOPR_0;[[0.0, 0, '0']];0.0;0
T1IBT8_RHOPR_0;[[0.0, 0, '0']];0.0;0
T1HY60_RHOPR_0;[[0.0, 0, '0']];0.0;0
T1HIA6_RHOPR_0;[[0.0, 0, '0']];0.0;0
T1HVS2_RHOPR_0;[[0.0, 0, '0']];0.0;0
R4G3C9_RHOPR_0;[[0.0, 0, '0']];0.0;0
T1HN23_RHOPR_0;[[0.0, 0, '0']];0.0;0
T1HMQ0_RHOPR_0;[[0.0, 0, '0']];0.0;0
E0VEZ1_PEDHC_0;[[0.0, 0, '0']];0.0;0
E0W305_PEDHC_0;[[0.0, 0, '0']];0.0;0
E0VFJ8_PEDHC_0;[[0.0, 0, '0']];0.0;0
E0VBP2_PEDHC_0;[[0.0, 0, '0']];0.0;0
E0VZH2_PEDHC_0;[[0.0, 0, '0']];0.0;0
E0VDR8_PEDHC_0;[[0.0, 0, '0']];0.0;0
E0VD41_PEDHC_0;[[0.0, 0, '0']];0.0;0
E0VL22_PEDHC_0;[[0.0, 0, '0']];0.0;0
E9HLA0_DAPPU_0;[[0.0, 0, '0']];0.0;0
E9HLR1_DAPPU_0;[[0.0, 0, '0']];0.0;0
E9GL43_DAPPU_0;[[0.0, 0, '0']];0.0;0
E9H9T3_DAPPU_0;[[0.0, 0, '0']];0.0;0
E9G8C5_DAPPU_0;[[0.0, 0, '0']];0.0;0
E9G067_DAPPU_0;[[0.0, 0, '0']];0.0;0
E9G2T4_DAPPU_0;[[0.0, 0, '0']];0.0;0
E9HT82_DAPPU_0;[[0.0, 0, '0']];0.0;0
E9GGK3_DAPPU_0;[[0.0, 0, '0']];0.0;0
E9H9W1_DAPPU_0;[[0.0, 0, '0']];0.0;0
T1JGE4_STRMM_0;[[0.0, 0, '0']];0.0;0
T1IM01_STRMM_0;[[0.0, 0, '0']];0.0;0
T1J4V7_STRMM_0;[[0.0, 0, '0']];0.0;0
T1JL36_STRMM_0;[[0.0, 0, '0']];0.0;0
T1JN25_STRMM_0;[[0.0, 0, '0']];0.0;0
T1JN84_STRMM_0;[[0.0, 0, '0']];0.0;0
T1IPN7_STRMM_0;[[0.0, 0, '0']];0.0;0
T1IN54_STRMM_0;[[0.0, 0, '0']];0.0;0
T1J0I5_STRMM_0;[[0.0, 0, '0']];0.0;0
T1J508_STRMM_0;[[0.0, 0, '0']];0.0;0
T1L0Y2_TETUR_0;[[0.0, 0, '0']];0.0;0
T1KWA3_TETUR_0;[[0.0, 0, '0']];0.0;0
T1K902_TETUR_0;[[0.0, 0, '0']];0.0;0
T1K3F9_TETUR_0;[[0.0, 0, '0']];0.0;0
T1JX53_TETUR_0;[[0.0, 0, '0']];0.0;0
T1KAU0_TETUR_0;[[0.0, 0, '0']];0.0;0
T1KSQ0_TETUR_0;[[0.0, 0, '0']];0.0;0
T1KN87_TETUR_0;[[0.0, 0, '0']];0.0;0
A0A132A3B4_SARSC_0;[[0.0, 0, '0']];0.0;0
A0A132AI83_SARSC_0;[[0.0, 0, '0']];0.0;0
A0A132A941_SARSC_0;[[0.0, 0, '0']];0.0;0
A0A132AED3_SARSC_0;[[0.0, 0, '0']];0.0;0
A0A132AFF8_SARSC_0;[[0.0, 0, '0']];0.0;0
A0A131ZVY5_SARSC_0;[[0.0, 0, '0']];0.0;0
A0A132AMT7_SARSC_0;[[0.0, 0, '0']];0.0;0
A0A132A1L5_SARSC_0;[[0.0, 0, '0']];0.0;0
A0A132ADH9_SARSC_0;[[0.0, 0, '0']];0.0;0
A0A132A4K1_SARSC_0;[[0.0, 0, '0']];0.0;0
B7PGX0_IXOSC_0;[[0.0, 0, '0']];0.0;0
B7QJ88_IXOSC_0;[[0.0, 0, '0']];0.0;0
B7QG96_IXOSC_0;[[0.0, 0, '0']];0.0;0
B7QBS1_IXOSC_0;[[0.0, 0, '0']];0.0;0
B7Q560_IXOSC_0;[[0.0, 0, '0']];0.0;0
B7PSD9_IXOSC_0;[[0.0, 0, '0']];0.0;0
B7PXZ3_IXOSC_0;[[0.0, 0, '0']];0.0;0
B7PHC5_IXOSC_0;[[0.0, 0, '0']];0.0;0
B7PU94_IXOSC_0;[[0.0, 0, '0']];0.0;0
BBS2_CAEEL_0;[[0.0, 0, '0']];0.0;0
PTHB1_CAEEL_0;[[0.0, 0, '0']];0.0;0
G0P085_CAEBE_0;[[0.0, 0, '0']];0.0;0
G0NZF3_CAEBE_0;[[0.0, 0, '0']];0.0;0
G0MY08_CAEBE_0;[[0.0, 0, '0']];0.0;0
G0NCM0_CAEBE_0;[[0.0, 0, '0']];0.0;0
G0PL12_CAEBE_0;[[0.0, 0, '0']];0.0;0
G0NG53_CAEBE_0;[[0.0, 0, '0']];0.0;0
G0MK79_CAEBE_0;[[0.0, 0, '0']];0.0;0
G0MLH4_CAEBE_0;[[0.0, 0, '0']];0.0;0
E3NJN3_CAERE_0;[[0.0, 0, '0']];0.0;0
E3MFB0_CAERE_0;[[0.0, 0, '0']];0.0;0
E3LMW1_CAERE_0;[[0.0, 0, '0']];0.0;0
E3M4Z1_CAERE_0;[[0.0, 0, '0']];0.0;0
E3MFS3_CAERE_0;[[0.0, 0, '0']];0.0;0
E3NSB7_CAERE_0;[[0.0, 0, '0']];0.0;0
E3LZ78_CAERE_0;[[0.0, 0, '0']];0.0;0
A8X7A4_CAEBR_0;[[0.0, 0, '0']];0.0;0
A8XRG6_CAEBR_0;[[0.0, 0, '0']];0.0;0
A8Y3D5_CAEBR_0;[[0.0, 0, '0']];0.0;0
A8XA77_CAEBR_0;[[0.0, 0, '0']];0.0;0
A8X9X0_CAEBR_0;[[0.0, 0, '0']];0.0;0
A8XCI7_CAEBR_0;[[0.0, 0, '0']];0.0;0
A8XUK4_CAEBR_0;[[0.0, 0, '0']];0.0;0
A8XGG2_CAEBR_0;[[0.0, 0, '0']];0.0;0
H3DYA5_PRIPA_0;[[0.0, 0, '0']];0.0;0
H3FMD9_PRIPA_0;[[0.0, 0, '0']];0.0;0
H3F5B6_PRIPA_0;[[0.0, 0, '0']];0.0;0
H3G2I6_PRIPA_0;[[0.0, 0, '0']];0.0;0
H3FK30_PRIPA_0;[[0.0, 0, '0']];0.0;0
H3DXJ0_PRIPA_0;[[0.0, 0, '0']];0.0;0
H3E7Q4_PRIPA_0;[[0.0, 0, '0']];0.0;0
H3FPW8_PRIPA_0;[[0.0, 0, '0']];0.0;0
A0A0K0J7N8_BRUMA_0;[[0.0, 0, '0']];0.0;0
A0A158PWS5_BRUMA_0;[[0.0, 0, '0']];0.0;0
A0A044S4J3_ONCVO_0;[[0.0, 0, '0']];0.0;0
A0A044RGE9_ONCVO_0;[[0.0, 0, '0']];0.0;0
A0A044RIU7_ONCVO_0;[[0.0, 0, '0']];0.0;0
A0A044UUG6_ONCVO_0;[[0.0, 0, '0']];0.0;0
A0A044T938_ONCVO_0;[[0.0, 0, '0']];0.0;0
A0A090L5W0_STRRB_0;[[0.0, 0, '0']];0.0;0
A0A090L692_STRRB_0;[[0.0, 0, '0']];0.0;0
A0A090LTH6_STRRB_0;[[0.0, 0, '0']];0.0;0
A0A090LLE7_STRRB_0;[[0.0, 0, '0']];0.0;0
A0A090LBV3_STRRB_0;[[0.0, 0, '0']];0.0;0
A0A090LL11_STRRB_0;[[0.0, 0, '0']];0.0;0
A0A090LHJ8_STRRB_0;[[0.0, 0, '0']];0.0;0
A7RY88_NEMVE_0;[[0.0, 0, '0']];0.0;0
A7RRK9_NEMVE_0;[[0.0, 0, '0']];0.0;0
A7SA52_NEMVE_0;[[0.0, 0, '0']];0.0;0
A7S4V5_NEMVE_0;[[0.0, 0, '0']];0.0;0
A7S3C1_NEMVE_0;[[0.0, 0, '0']];0.0;0
A7RRC2_NEMVE_0;[[0.0, 0, '0']];0.0;0
A7S9V7_NEMVE_0;[[0.0, 0, '0']];0.0;0
A7STA0_NEMVE_0;[[0.0, 0, '0']];0.0;0
A7SRQ9_NEMVE_0;[[0.0, 0, '0']];0.0;0
A7RZZ8_NEMVE_0;[[0.0, 0, '0']];0.0;0
A7SJU1_NEMVE_0;[[0.0, 0, '0']];0.0;0
A7SR08_NEMVE_0;[[0.0, 0, '0']];0.0;0
A7RHF6_NEMVE_0;[[0.0, 0, '0']];0.0;0
A7S6S2_NEMVE_0;[[0.0, 0, '0']];0.0;0
B3RJ12_TRIAD_0;[[0.0, 0, '0']];0.0;0
B3SAM9_TRIAD_0;[[0.0, 0, '0']];0.0;0
B3RYU7_TRIAD_0;[[0.0, 0, '0']];0.0;0
B3RNV0_TRIAD_0;[[0.0, 0, '0']];0.0;0
B3RW68_TRIAD_0;[[0.0, 0, '0']];0.0;0
B3RR15_TRIAD_0;[[0.0, 0, '0']];0.0;0
A9UU67_MONBE_0;[[0.0, 0, '0']];0.0;0
A9VC34_MONBE_0;[[0.0, 0, '0']];0.0;0
A9UYR2_MONBE_0;[[0.0, 0, '0']];0.0;0
A9UVT9_MONBE_0;[[0.0, 0, '0']];0.0;0
A9URF3_MONBE_0;[[0.0, 0, '0']];0.0;0
A9UTD3_MONBE_0;[[0.0, 0, '0']];0.0;0
A9UW13_MONBE_0;[[0.0, 0, '0']];0.0;0
A9UQE8_MONBE_0;[[0.0, 0, '0']];0.0;0
A9V3H9_MONBE_0;[[0.0, 0, '0']];0.0;0
A9US50_MONBE_0;[[0.0, 0, '0']];0.0;0
F2UFD6_SALR5_0;[[0.0, 0, '0']];0.0;0
F2UP53_SALR5_0;[[0.0, 0, '0']];0.0;0
F2US57_SALR5_0;[[0.0, 0, '0']];0.0;0
F2TWK0_SALR5_0;[[0.0, 0, '0']];0.0;0
F2U9J6_SALR5_0;[[0.0, 0, '0']];0.0;0
F2TYE0_SALR5_0;[[0.0, 0, '0']];0.0;0
F2UKV5_SALR5_0;[[0.0, 0, '0']];0.0;0
A0A075B027_9FUNG_0;[[0.0, 0, '0']];0.0;0
A0A0L0SZE7_ALLMA_0;[[0.0, 0, '0']];0.0;0
A0A0L0TEE4_ALLMA_0;[[0.0, 0, '0']];0.0;0
A0A0L0TBM7_ALLMA_0;[[0.0, 0, '0']];0.0;0
A0A0L0S2E7_ALLMA_0;[[0.0, 0, '0']];0.0;0
A0A0L0T9T0_ALLMA_0;[[0.0, 0, '0']];0.0;0
A0A0L0RX02_ALLMA_0;[[0.0, 0, '0']];0.0;0
A0A0L0HGZ5_SPIPN_0;[[0.0, 0, '0']];0.0;0
A0A0L0HKI2_SPIPN_0;[[0.0, 0, '0']];0.0;0
A0A0L0HCR5_SPIPN_0;[[0.0, 0, '0']];0.0;0
F4NSL0_BATDJ_0;[[0.0, 0, '0']];0.0;0
A0A139AXF2_GONPR_0;[[0.0, 0, '0']];0.0;0
A0A139A4E2_GONPR_0;[[0.0, 0, '0']];0.0;0
A0A139APA4_GONPR_0;[[0.0, 0, '0']];0.0;0
C4VA57_NOSCE_0;[[0.0, 0, '0']];0.0;0
C4V6M3_NOSCE_0;[[0.0, 0, '0']];0.0;0
A0A059EQ31_9MICR_0;[[0.0, 0, '0']];0.0;0
A0A059F571_9MICR_0;[[0.0, 0, '0']];0.0;0
B7XJ53_ENTBH_0;[[0.0, 0, '0']];0.0;0
A0A0L0D5Q7_THETB_0;[[0.0, 0, '0']];0.0;0
A0A0L0DNH8_THETB_0;[[0.0, 0, '0']];0.0;0
A0A0L0DL12_THETB_0;[[0.0, 0, '0']];0.0;0
A0A0L0DY00_THETB_0;[[0.0, 0, '0']];0.0;0
A0A0L0DKV4_THETB_0;[[0.0, 0, '0']];0.0;0
A0A0L0DRR9_THETB_0;[[0.0, 0, '0']];0.0;0
A0A0L0DRW6_THETB_0;[[0.0, 0, '0']];0.0;0
A0A0L0DQP3_THETB_0;[[0.0, 0, '0']];0.0;0
A0A0S4KEX6_BODSA_0;[[0.0, 0, '0']];0.0;0
A0A0S4IWH2_BODSA_0;[[0.0, 0, '0']];0.0;0
A0A0S4KJV3_BODSA_0;[[0.0, 0, '0']];0.0;0
A0A0S4IYJ2_BODSA_0;[[0.0, 0, '0']];0.0;0
Q4Q7P7_LEIMA_0;[[0.0, 0, '0']];0.0;0
Q4QGM5_LEIMA_0;[[0.0, 0, '0']];0.0;0
Q4QBL0_LEIMA_0;[[0.0, 0, '0']];0.0;0
Q4Q5F8_LEIMA_0;[[0.0, 0, '0']];0.0;0
Q4QHY0_LEIMA_0;[[0.0, 0, '0']];0.0;0
Q4QEM9_LEIMA_0;[[0.0, 0, '0']];0.0;0
E9ADS3_LEIMA_0;[[0.0, 0, '0']];0.0;0
Q4QJ54_LEIMA_0;[[0.0, 0, '0']];0.0;0
A4HTV8_LEIIN_0;[[0.0, 0, '0']];0.0;0
A4I7U1_LEIIN_0;[[0.0, 0, '0']];0.0;0
A4I587_LEIIN_0;[[0.0, 0, '0']];0.0;0
A4HX34_LEIIN_0;[[0.0, 0, '0']];0.0;0
A4HSR6_LEIIN_0;[[0.0, 0, '0']];0.0;0
E9AH05_LEIIN_0;[[0.0, 0, '0']];0.0;0
E9AGF5_LEIIN_0;[[0.0, 0, '0']];0.0;0
A4HVW2_LEIIN_0;[[0.0, 0, '0']];0.0;0
A4HI10_LEIBR_0;[[0.0, 0, '0']];0.0;0
A4H4J1_LEIBR_0;[[0.0, 0, '0']];0.0;0
A4HKB1_LEIBR_0;[[0.0, 0, '0']];0.0;0
A4H8R6_LEIBR_0;[[0.0, 0, '0']];0.0;0
A4H6Y1_LEIBR_0;[[0.0, 0, '0']];0.0;0
A4H5M0_LEIBR_0;[[0.0, 0, '0']];0.0;0
W6LBN2_9TRYP_0;[[0.0, 0, '0']];0.0;0
W6L8P3_9TRYP_0;[[0.0, 0, '0']];0.0;0
W6LGD6_9TRYP_0;[[0.0, 0, '0']];0.0;0
W6LH84_9TRYP_0;[[0.0, 0, '0']];0.0;0
W6L664_9TRYP_0;[[0.0, 0, '0']];0.0;0
W6L0G6_9TRYP_0;[[0.0, 0, '0']];0.0;0
W6L219_9TRYP_0;[[0.0, 0, '0']];0.0;0
W6KP47_9TRYP_0;[[0.0, 0, '0']];0.0;0
W6KU64_9TRYP_0;[[0.0, 0, '0']];0.0;0
W6KHM9_9TRYP_0;[[0.0, 0, '0']];0.0;0
W6KEZ5_9TRYP_0;[[0.0, 0, '0']];0.0;0
W6KMB3_9TRYP_0;[[0.0, 0, '0']];0.0;0
A0A0M9FXC3_9TRYP_0;[[0.0, 0, '0']];0.0;0
A0A0N0DTJ9_9TRYP_0;[[0.0, 0, '0']];0.0;0
A0A0N0DVH7_9TRYP_0;[[0.0, 0, '0']];0.0;0
A0A0M9G8H0_9TRYP_0;[[0.0, 0, '0']];0.0;0
A0A0M9G5S3_9TRYP_0;[[0.0, 0, '0']];0.0;0
A0A0N0VDQ8_9TRYP_0;[[0.0, 0, '0']];0.0;0
S9WFZ2_9TRYP_0;[[0.0, 0, '0']];0.0;0
S9VQT5_9TRYP_0;[[0.0, 0, '0']];0.0;0
S9URU1_9TRYP_0;[[0.0, 0, '0']];0.0;0
S9U0A0_9TRYP_0;[[0.0, 0, '0']];0.0;0
S9UFH8_9TRYP_0;[[0.0, 0, '0']];0.0;0
S9U312_9TRYP_0;[[0.0, 0, '0']];0.0;0
S9TWC6_9TRYP_0;[[0.0, 0, '0']];0.0;0
S9UUW0_9TRYP_0;[[0.0, 0, '0']];0.0;0
S9WN89_9TRYP_0;[[0.0, 0, '0']];0.0;0
S9VGG5_9TRYP_0;[[0.0, 0, '0']];0.0;0
S9WR29_9TRYP_0;[[0.0, 0, '0']];0.0;0
S9UEA4_9TRYP_0;[[0.0, 0, '0']];0.0;0
S9U7B2_9TRYP_0;[[0.0, 0, '0']];0.0;0
S9VQC5_9TRYP_0;[[0.0, 0, '0']];0.0;0
S9WXN6_9TRYP_0;[[0.0, 0, '0']];0.0;0
S9VG80_9TRYP_0;[[0.0, 0, '0']];0.0;0
S9UX65_9TRYP_0;[[0.0, 0, '0']];0.0;0
S9UG30_9TRYP_0;[[0.0, 0, '0']];0.0;0
A0A0N0P4P7_LEPSE_0;[[0.0, 0, '0']];0.0;0
A0A0N1PFT7_LEPSE_0;[[0.0, 0, '0']];0.0;0
A0A0N1I805_LEPSE_0;[[0.0, 0, '0']];0.0;0
A0A0N1IKM3_LEPSE_0;[[0.0, 0, '0']];0.0;0
A0A0N0P2P9_LEPSE_0;[[0.0, 0, '0']];0.0;0
A0A0N1PCK5_LEPSE_0;[[0.0, 0, '0']];0.0;0
Q4DNK9_TRYCC_0;[[0.0, 0, '0']];0.0;0
Q4CYP7_TRYCC_0;[[0.0, 0, '0']];0.0;0
Q4CTU0_TRYCC_0;[[0.0, 0, '0']];0.0;0
Q4D0P3_TRYCC_0;[[0.0, 0, '0']];0.0;0
Q4D758_TRYCC_0;[[0.0, 0, '0']];0.0;0
Q4CXZ7_TRYCC_0;[[0.0, 0, '0']];0.0;0
Q4DQ54_TRYCC_0;[[0.0, 0, '0']];0.0;0
Q4D5L0_TRYCC_0;[[0.0, 0, '0']];0.0;0
Q4E3Y7_TRYCC_0;[[0.0, 0, '0']];0.0;0
V5B167_TRYCR_0;[[0.0, 0, '0']];0.0;0
K2N5E1_TRYCR_0;[[0.0, 0, '0']];0.0;0
K2NCL3_TRYCR_0;[[0.0, 0, '0']];0.0;0
V5DJG5_TRYCR_0;[[0.0, 0, '0']];0.0;0
V5D873_TRYCR_0;[[0.0, 0, '0']];0.0;0
K2NFA3_TRYCR_0;[[0.0, 0, '0']];0.0;0
A0A061IYN2_TRYRA_0;[[0.0, 0, '0']];0.0;0
A0A061IYH0_TRYRA_0;[[0.0, 0, '0']];0.0;0
A0A061IRX7_TRYRA_0;[[0.0, 0, '0']];0.0;0
A0A061J5J6_TRYRA_0;[[0.0, 0, '0']];0.0;0
A0A061J5Y7_TRYRA_0;[[0.0, 0, '0']];0.0;0
A0A061IZW5_TRYRA_0;[[0.0, 0, '0']];0.0;0
V6U1A3_GIAIN_0;[[0.0, 0, '0']];0.0;0
V6TXM2_GIAIN_0;[[0.0, 0, '0']];0.0;0
D2UZG5_NAEGR_0;[[0.0, 0, '0']];0.0;0
D2VRJ0_NAEGR_0;[[0.0, 0, '0']];0.0;0
D2V1M3_NAEGR_0;[[0.0, 0, '0']];0.0;0
D2VRF8_NAEGR_0;[[0.0, 0, '0']];0.0;0
D2VGV9_NAEGR_0;[[0.0, 0, '0']];0.0;0
D2V8J4_NAEGR_0;[[0.0, 0, '0']];0.0;0
D2UZA0_NAEGR_0;[[0.0, 0, '0']];0.0;0
D2UYR4_NAEGR_0;[[0.0, 0, '0']];0.0;0
D2V9Y2_NAEGR_0;[[0.0, 0, '0']];0.0;0
A2FHN7_TRIVA_0;[[0.0, 0, '0']];0.0;0
A2EVS0_TRIVA_0;[[0.0, 0, '0']];0.0;0
A2ERA0_TRIVA_0;[[0.0, 0, '0']];0.0;0
A2FLN7_TRIVA_0;[[0.0, 0, '0']];0.0;0
A2EKF6_TRIVA_0;[[0.0, 0, '0']];0.0;0
A2EWL4_TRIVA_0;[[0.0, 0, '0']];0.0;0
A8HYK1_CHLRE_0;[[0.0, 0, '0']];0.0;0
A8JDM5_CHLRE_0;[[0.0, 0, '0']];0.0;0
A8J6H2_CHLRE_0;[[0.0, 0, '0']];0.0;0
IFT74_CHLRE_0;[[0.0, 0, '0']];0.0;0
A8HY05_CHLRE_0;[[0.0, 0, '0']];0.0;0
A0A0J8AZA9_BETVU_0;[[0.0, 0, '0']];0.0;0
A0A0L9UFN1_PHAAN_0;[[0.0, 0, '0']];0.0;0
D8RT29_SELML_0;[[0.0, 0, '0']];0.0;0
B8C2P1_THAPS_0;[[0.0, 0, '0']];0.0;0
B5YNM9_THAPS_0;[[0.0, 0, '0']];0.0;0
K0RSF4_THAOC_0;[[0.0, 0, '0']];0.0;0
T0R219_9STRA_0;[[0.0, 0, '0']];0.0;0
T0SBE3_9STRA_0;[[0.0, 0, '0']];0.0;0
T0QJ46_9STRA_0;[[0.0, 0, '0']];0.0;0
T0QH98_9STRA_0;[[0.0, 0, '0']];0.0;0
A0A024T8H2_9STRA_0;[[0.0, 0, '0']];0.0;0
A0A024TBC5_9STRA_0;[[0.0, 0, '0']];0.0;0
A0A024TTU2_9STRA_0;[[0.0, 0, '0']];0.0;0
A0A024U9Y1_9STRA_0;[[0.0, 0, '0']];0.0;0
W4FHA7_9STRA_0;[[0.0, 0, '0']];0.0;0
W4FJ10_9STRA_0;[[0.0, 0, '0']];0.0;0
W4GJ30_9STRA_0;[[0.0, 0, '0']];0.0;0
A0A024G8A2_9STRA_0;[[0.0, 0, '0']];0.0;0
A0A024G1K1_9STRA_0;[[0.0, 0, '0']];0.0;0
A0A024GM19_9STRA_0;[[0.0, 0, '0']];0.0;0
A0A024G8J4_9STRA_0;[[0.0, 0, '0']];0.0;0
A0A024G1W2_9STRA_0;[[0.0, 0, '0']];0.0;0
A0A024G2J7_9STRA_0;[[0.0, 0, '0']];0.0;0
A0A024GAQ7_9STRA_0;[[0.0, 0, '0']];0.0;0
D0N6L3_PHYIT_0;[[0.0, 0, '0']];0.0;0
D0NIZ2_PHYIT_0;[[0.0, 0, '0']];0.0;0
D0NMI9_PHYIT_0;[[0.0, 0, '0']];0.0;0
D0P4B2_PHYIT_0;[[0.0, 0, '0']];0.0;0
H3GA73_PHYRM_0;[[0.0, 0, '0']];0.0;0
H3HDM8_PHYRM_0;[[0.0, 0, '0']];0.0;0
H3G5F9_PHYRM_0;[[0.0, 0, '0']];0.0;0
H3G787_PHYRM_0;[[0.0, 0, '0']];0.0;0
H3HB40_PHYRM_0;[[0.0, 0, '0']];0.0;0
H3H3M3_PHYRM_0;[[0.0, 0, '0']];0.0;0
H3GG97_PHYRM_0;[[0.0, 0, '0']];0.0;0
A0A0W8B5F2_PHYNI_0;[[0.0, 0, '0']];0.0;0
A0A0W8BYL7_PHYNI_0;[[0.0, 0, '0']];0.0;0
A0A0W8C0V4_PHYNI_0;[[0.0, 0, '0']];0.0;0
A0A0W8BXS2_PHYNI_0;[[0.0, 0, '0']];0.0;0
A0A0W8CRE0_PHYNI_0;[[0.0, 0, '0']];0.0;0
A0A0W8DLD4_PHYNI_0;[[0.0, 0, '0']];0.0;0
A0A0W8CKJ4_PHYNI_0;[[0.0, 0, '0']];0.0;0
V9EH23_PHYPR_0;[[0.0, 0, '0']];0.0;0
V9EY54_PHYPR_0;[[0.0, 0, '0']];0.0;0
V9F750_PHYPR_0;[[0.0, 0, '0']];0.0;0
V9DZZ4_PHYPR_0;[[0.0, 0, '0']];0.0;0
W2ZBV4_PHYPR_0;[[0.0, 0, '0']];0.0;0
W2Z794_PHYPR_0;[[0.0, 0, '0']];0.0;0
W2YN75_PHYPR_0;[[0.0, 0, '0']];0.0;0
W2Y705_PHYPR_0;[[0.0, 0, '0']];0.0;0
W2QWY8_PHYPN_0;[[0.0, 0, '0']];0.0;0
W2Q6I6_PHYPN_0;[[0.0, 0, '0']];0.0;0
W2Q9Y5_PHYPN_0;[[0.0, 0, '0']];0.0;0
W2Q3L9_PHYPN_0;[[0.0, 0, '0']];0.0;0
W2R2K8_PHYPN_0;[[0.0, 0, '0']];0.0;0
G4YVH6_PHYSP_0;[[0.0, 0, '0']];0.0;0
G5AEA7_PHYSP_0;[[0.0, 0, '0']];0.0;0
G4YNA1_PHYSP_0;[[0.0, 0, '0']];0.0;0
G4Z0F4_PHYSP_0;[[0.0, 0, '0']];0.0;0
K3WZB3_PYTUL_0;[[0.0, 0, '0']];0.0;0
K3WA10_PYTUL_0;[[0.0, 0, '0']];0.0;0
K3WT36_PYTUL_0;[[0.0, 0, '0']];0.0;0
K3WUB9_PYTUL_0;[[0.0, 0, '0']];0.0;0
K3X8B7_PYTUL_0;[[0.0, 0, '0']];0.0;0
K3WRX6_PYTUL_0;[[0.0, 0, '0']];0.0;0
K3XBX6_PYTUL_0;[[0.0, 0, '0']];0.0;0
K3XAU7_PYTUL_0;[[0.0, 0, '0']];0.0;0
A0A067CVF7_SAPPC_0;[[0.0, 0, '0']];0.0;0
A0A067BQG6_SAPPC_0;[[0.0, 0, '0']];0.0;0
A0A067BPT6_SAPPC_0;[[0.0, 0, '0']];0.0;0
A0A067BK52_SAPPC_0;[[0.0, 0, '0']];0.0;0
A0A067CEN2_SAPPC_0;[[0.0, 0, '0']];0.0;0
A0A067BN65_SAPPC_0;[[0.0, 0, '0']];0.0;0
A0A067CKY6_SAPPC_0;[[0.0, 0, '0']];0.0;0
A0A067BUM2_SAPPC_0;[[0.0, 0, '0']];0.0;0
A0A067BYV7_SAPPC_0;[[0.0, 0, '0']];0.0;0
F0YI19_AURAN_0;[[0.0, 0, '0']];0.0;0
F0YI57_AURAN_0;[[0.0, 0, '0']];0.0;0
F0Y179_AURAN_0;[[0.0, 0, '0']];0.0;0
F0YP02_AURAN_0;[[0.0, 0, '0']];0.0;0
F0XZU8_AURAN_0;[[0.0, 0, '0']];0.0;0
F0YAJ5_AURAN_0;[[0.0, 0, '0']];0.0;0
F0YFS0_AURAN_0;[[0.0, 0, '0']];0.0;0
F0YIA4_AURAN_0;[[0.0, 0, '0']];0.0;0
F0YK18_AURAN_0;[[0.0, 0, '0']];0.0;0
F0Y6H0_AURAN_0;[[0.0, 0, '0']];0.0;0
F0Y7H8_AURAN_0;[[0.0, 0, '0']];0.0;0
U6H456_9EIME_0;[[0.0, 0, '0']];0.0;0
U6LV11_9EIME_0;[[0.0, 0, '0']];0.0;0
V4YV31_TOXGV_0;[[0.0, 0, '0']];0.0;0
B6KHN1_TOXGV_0;[[0.0, 0, '0']];0.0;0
A0A074TG63_HAMHA_0;[[0.0, 0, '0']];0.0;0
A0A074TVE9_HAMHA_0;[[0.0, 0, '0']];0.0;0
A0A0G4EZB0_VITBC_0;[[0.0, 0, '0']];0.0;0
A0A0G4EJS8_VITBC_0;[[0.0, 0, '0']];0.0;0
A0A0G4G617_VITBC_0;[[0.0, 0, '0']];0.0;0
A0A0G4GGA2_VITBC_0;[[0.0, 0, '0']];0.0;0
A0A0G4ENF0_VITBC_0;[[0.0, 0, '0']];0.0;0
A0A0G4F9D8_VITBC_0;[[0.0, 0, '0']];0.0;0
A0A0G4FM83_VITBC_0;[[0.0, 0, '0']];0.0;0
A0A0G4EP95_VITBC_0;[[0.0, 0, '0']];0.0;0
A0A0G4ELX0_VITBC_0;[[0.0, 0, '0']];0.0;0
A0E4E2_PARTE_0;[[0.0, 0, '0']];0.0;0
A0DZL1_PARTE_0;[[0.0, 0, '0']];0.0;0
A0EIS5_PARTE_0;[[0.0, 0, '0']];0.0;0
Q3SE77_PARTE_0;[[0.0, 0, '0']];0.0;0
A0CKD4_PARTE_0;[[0.0, 0, '0']];0.0;0
A0BFX9_PARTE_0;[[0.0, 0, '0']];0.0;0
Q3SE80_PARTE_0;[[0.0, 0, '0']];0.0;0
A0CZW4_PARTE_0;[[0.0, 0, '0']];0.0;0
A0D3E6_PARTE_0;[[0.0, 0, '0']];0.0;0
Q3SE79_PARTE_0;[[0.0, 0, '0']];0.0;0
A0CM74_PARTE_0;[[0.0, 0, '0']];0.0;0
G0QX15_ICHMG_0;[[0.0, 0, '0']];0.0;0
G0QVY6_ICHMG_0;[[0.0, 0, '0']];0.0;0
G0QZH2_ICHMG_0;[[0.0, 0, '0']];0.0;0
G0QUA5_ICHMG_0;[[0.0, 0, '0']];0.0;0
G0QTI4_ICHMG_0;[[0.0, 0, '0']];0.0;0
G0QUX9_ICHMG_0;[[0.0, 0, '0']];0.0;0
G0R0W6_ICHMG_0;[[0.0, 0, '0']];0.0;0
G0QWR3_ICHMG_0;[[0.0, 0, '0']];0.0;0
G0R2D7_ICHMG_0;[[0.0, 0, '0']];0.0;0
Q231T4_TETTS_0;[[0.0, 0, '0']];0.0;0
Q23E95_TETTS_0;[[0.0, 0, '0']];0.0;0
Q22GX0_TETTS_0;[[0.0, 0, '0']];0.0;0
Q241P2_TETTS_0;[[0.0, 0, '0']];0.0;0
I7MIW5_TETTS_0;[[0.0, 0, '0']];0.0;0
I7MA22_TETTS_0;[[0.0, 0, '0']];0.0;0
A0A0V0QP26_PSEPJ_0;[[0.0, 0, '0']];0.0;0
A0A0V0QJ72_PSEPJ_0;[[0.0, 0, '0']];0.0;0
A0A0V0R853_PSEPJ_0;[[0.0, 0, '0']];0.0;0
A0A0V0QWI5_PSEPJ_0;[[0.0, 0, '0']];0.0;0
A0A0V0QQ18_PSEPJ_0;[[0.0, 0, '0']];0.0;0
A0A0V0QLN4_PSEPJ_0;[[0.0, 0, '0']];0.0;0
A0A0V0R9P2_PSEPJ_0;[[0.0, 0, '0']];0.0;0
A0A0V0R4D7_PSEPJ_0;[[0.0, 0, '0']];0.0;0
A0A0V0QEV5_PSEPJ_0;[[0.0, 0, '0']];0.0;0
J9J485_9SPIT_0;[[0.0, 0, '0']];0.0;0
J9GCY5_9SPIT_0;[[0.0, 0, '0']];0.0;0
J9I0G0_9SPIT_0;[[0.0, 0, '0']];0.0;0
J9HZC4_9SPIT_0;[[0.0, 0, '0']];0.0;0
J9IEJ3_9SPIT_0;[[0.0, 0, '0']];0.0;0
J9IRB0_9SPIT_0;[[0.0, 0, '0']];0.0;0
J9IBN3_9SPIT_0;[[0.0, 0, '0']];0.0;0
J9FWB3_9SPIT_0;[[0.0, 0, '0']];0.0;0
J9FAV5_9SPIT_0;[[0.0, 0, '0']];0.0;0
J9I1Z1_9SPIT_0;[[0.0, 0, '0']];0.0;0
A0A078A8X4_STYLE_0;[[0.0, 0, '0']];0.0;0
A0A078BAX5_STYLE_0;[[0.0, 0, '0']];0.0;0
A0A078AVA6_STYLE_0;[[0.0, 0, '0']];0.0;0
A0A077ZY59_STYLE_0;[[0.0, 0, '0']];0.0;0
A0A078AXW3_STYLE_0;[[0.0, 0, '0']];0.0;0
A0A078ADS2_STYLE_0;[[0.0, 0, '0']];0.0;0
A0A077ZT05_STYLE_0;[[0.0, 0, '0']];0.0;0
A0A078AHS4_STYLE_0;[[0.0, 0, '0']];0.0;0
C5L1U3_PERM5_0;[[0.0, 0, '0']];0.0;0
C5KB09_PERM5_0;[[0.0, 0, '0']];0.0;0
C5K856_PERM5_0;[[0.0, 0, '0']];0.0;0
C5KCZ4_PERM5_0;[[0.0, 0, '0']];0.0;0
C5KJE9_PERM5_0;[[0.0, 0, '0']];0.0;0
C5KIW8_PERM5_0;[[0.0, 0, '0']];0.0;0
C5LN48_PERM5_0;[[0.0, 0, '0']];0.0;0
C5KZJ7_PERM5_0;[[0.0, 0, '0']];0.0;0
C5LJ88_PERM5_0;[[0.0, 0, '0']];0.0;0
C5KS16_PERM5_0;[[0.0, 0, '0']];0.0;0
A0A0G4INI7_PLABS_0;[[0.0, 0, '0']];0.0;0
A0A0G4ITG8_PLABS_0;[[0.0, 0, '0']];0.0;0
A0A0G4J0S8_PLABS_0;[[0.0, 0, '0']];0.0;0
A0A0G4IN17_PLABS_0;[[0.0, 0, '0']];0.0;0
A0A0G4IXU6_PLABS_0;[[0.0, 0, '0']];0.0;0
A0A0G4II64_PLABS_0;[[0.0, 0, '0']];0.0;0
A0A0G4J500_PLABS_0;[[0.0, 0, '0']];0.0;0
A0A0G4ILH0_PLABS_0;[[0.0, 0, '0']];0.0;0
X6NKM2_RETFI_0;[[0.0, 0, '0']];0.0;0
X6MKA7_RETFI_0;[[0.0, 0, '0']];0.0;0
X6MMR6_RETFI_0;[[0.0, 0, '0']];0.0;0
X6NEQ1_RETFI_0;[[0.0, 0, '0']];0.0;0
X6NC44_RETFI_0;[[0.0, 0, '0']];0.0;0
X6NZL0_RETFI_0;[[0.0, 0, '0']];0.0;0
X6MBP4_RETFI_0;[[0.0, 0, '0']];0.0;0
X6MN26_RETFI_0;[[0.0, 0, '0']];0.0;0
L1K4I7_GUITH_0;[[0.0, 0, '0']];0.0;0
L1JKF8_GUITH_0;[[0.0, 0, '0']];0.0;0
L1I8Y1_GUITH_0;[[0.0, 0, '0']];0.0;0
L1J7Q0_GUITH_0;[[0.0, 0, '0']];0.0;0
L1JFP4_GUITH_0;[[0.0, 0, '0']];0.0;0
L1J1T7_GUITH_0;[[0.0, 0, '0']];0.0;0
L1JQ89_GUITH_0;[[0.0, 0, '0']];0.0;0
R1EVH0_EMIHU_0;[[0.0, 0, '0']];0.0;0
R1E0V9_EMIHU_0;[[0.0, 0, '0']];0.0;0
R1D9D6_EMIHU_0;[[0.0, 0, '0']];0.0;0
R1DH87_EMIHU_0;[[0.0, 0, '0']];0.0;0
R1FEM0_EMIHU_0;[[0.0, 0, '0']];0.0;0
V6LK23_9EUKA_0;[[0.0, 0, '0']];0.0;0
V6LQF6_9EUKA_0;[[0.0, 0, '0']];0.0;0
V6LPV3_9EUKA_0;[[0.0, 0, '0']];0.0;0
34.96;182